country_name,year,Current_health_expenditure_percentage_of_GDP,Out_of_pocket_expenditure_percentage_of_current_health_expenditure,Public_spending_on_education_total_percentage_of_GDP,Physicians_per_1000_people,Mortality_rate_under_5_per_1000,Literacy_rate_adult_female_percentage_of_females_ages_15_and_above,People_practicing_open_defecation_percentage_of_population,People_using_safely_managed_drinking_water_services_percentage_of_population,,
Afghanistan,2010,8.56967163,78.9966507,3.479449987,0.2365,,,,,,
Afghanistan,2011,8.56190681,73.25517273,3.462009907,0.2518,83.9,17.01783943,17.66914391,19.96687464,,
Afghanistan,2013,8.80596447,72.04786682,3.454459906,0.2846,,,,,,
Afghanistan,2014,9.52887821,73.05592346,3.695219994,0.2983,,,,,,
Afghanistan,2015,10.10534763,78.3822937,3.255800009,0.285,,,,,,
Afghanistan,2016,10.96199989,75.97433472,3.511980057,0.2782,,,,,,
Albania,2000,7.2333703,60.40230942,3.430170059,1.3821,,,,,,
Albania,2001,7.13952398,57.77629089,3.458699942,1.31,25.8,98.25227356,0.836397052,49.0811986,,
Albania,2002,6.90934134,59.70919037,3.117799997,1.1695,,,,,,
Albania,2003,7.06348991,54.0149231,3.138240099,1.1863,,,,,,
Albania,2004,6.77337217,52.65771866,3.227519989,1.1913,,,,,,
Albania,2006,6.00927687,51.34706497,3.191459894,1.1838,,,,,,
Albania,2007,6.31683397,55.97729492,3.275929928,1.1951,,,,,,
Albania,2008,,,,,15.8,94.68180847,0.471902868,58.32847968,,
Albania,2011,,,,,12.1,95.69148254,0.32823482,64.32740144,,
Albania,2012,,,,,11.2,96.13607025,0.282042419,66.38085219,,
Albania,2013,5.38559914,50.88157654,3.539299965,1.2773,,,,,,
Albania,2016,4.91601992,41.76557541,3.962090015,1.2164,,,,,,
Albania,2018,,,,,9.5,97.76112366,1,70.65335019,,
Algeria,2002,,,,,37.8,60.07508087,5.411176259,71.19185326,,
Algeria,2006,,,,,32.1,63.91878891,3.903086061,73.24434697,,
Algeria,2008,,,,,29.5,67.54875183,3.216277793,74.18282004,,
Algeria,2016,6.60778189,30.88220596,7.344359875,1.8325,,,,,,
Algeria,2017,6.38032866,32.53818512,6.505380154,1.7879,,,,,,
Algeria,2018,6.2184267,32.64655304,5.866350174,1.7193,23.8,75.32296753,0.415795117,73.87983297,,
Andorra,2002,6.09685135,14.52667713,1.65971005,2.9,,,,,,
Andorra,2004,5.27981806,16.6497879,1.544119954,3.1324,,,,,,
Andorra,2005,5.5754261,15.72344875,1.644970059,3.2319,,,,,,
Andorra,2006,4.93509436,17.66690254,2.244899988,3.0123,,,,,,
Andorra,2007,4.9255476,17.65868187,2.104690075,3.0109,,,,,,
Andorra,2009,6.20233727,13.85275459,3.142920017,3.1479,,,,,,
Andorra,2010,6.64963865,13.18430901,2.976629972,1,,,,,,
Andorra,2015,6.23245335,14.55696201,3.28034997,3.3333,,,,,,
Angola,2017,2.79150295,34.12101364,2.466880083,0.2146,,,,,,
Antigua and Barbuda,2017,5.17094231,30.77209091,2.448479891,2.956,,,,,,
Argentina,2001,8.62096786,29.47439766,4.833740234,3.2481,,,,,,
Argentina,2004,7.22868299,27.62963104,3.486520052,3.1857,,,,,,
Argentina,2005,7.61078882,33.06813049,3.860009909,3.21,,,,,,
Argentina,2010,9.44546413,26.78010178,5.019710064,3.21,,,,,,
Argentina,2013,9.78097916,26.81741714,5.436610222,3.9385,,,,,,
Argentina,2016,9.00189686,29.56861496,5.545489788,4.0013,,,,,,
Argentina,2017,10.45704365,25.8420887,5.454319954,3.9901,,,,,,
Armenia,2000,4.19581175,62.01095581,2.772730112,2.7007,,,,,,
Armenia,2001,4.64563894,50.87960434,2.469439983,2.6187,29.2,99.16107178,0.075540822,80.00290747,,
Armenia,2002,7.61358738,75.23449707,2.135040045,2.5633,,,,,,
Armenia,2003,7.17936134,76.42555237,2.145040035,2.4563,,,,,,
Armenia,2004,6.05510092,71.58870697,2.486730099,2.4604,,,,,,
Armenia,2005,5.8618803,62.9359169,2.712029934,2.5643,,,,,,
Armenia,2006,5.85007095,61.17356873,2.715770006,2.5897,,,,,,
Armenia,2007,5.49814034,58.2291832,3.018939972,2.6724,,,,,,
Armenia,2008,6.63976574,71.43701172,3.172729969,2.7432,,,,,,
Armenia,2009,8.44377613,73.63292694,3.840790033,2.7679,,,,,,
Armenia,2010,9.23538303,77.62413025,3.249000072,2.8419,,,,,,
Armenia,2011,9.37588787,78.4196701,3.143850088,2.8677,17.6,99.69035339,0.030301184,81.79551015,,
Armenia,2012,9.13455009,78.58730316,2.772480011,2.8968,,,,,,
Armenia,2013,10.32345009,82.8755722,2.650180101,2.9031,,,,,,
Armenia,2014,10.17827797,82.48136902,2.247240067,2.8928,,,,,,
Armenia,2015,10.1176281,81.62987518,2.80591011,2.9143,,,,,,
Armenia,2017,10.36270523,84.34807587,2.707590103,4.4023,1,99.67716217,0.01094746,85.42311993,,
Austria,2000,9.20371437,17.82221985,5.588809967,3.8492,,,,,,
Austria,2001,9.26942921,18.46295738,5.575479984,3.9616,,,,,,
Austria,2002,9.3947649,18.61328697,5.522130013,4.0337,,,,,,
Austria,2003,9.5472393,18.88836861,5.361830235,4.1173,,,,,,
Austria,2004,9.70939827,19.30190468,5.302430153,4.2095,,,,,,
Austria,2005,9.62702942,19.18325996,5.249370098,4.3355,,,,,,
Austria,2006,9.5311327,18.80627632,5.226520061,4.4684,,,,,,
Austria,2007,9.53209686,18.80613899,5.146900177,4.5528,,,,,,
Austria,2008,9.72564602,18.24393272,5.263959885,4.6169,,,,,,
Austria,2009,10.22582531,18.0512867,5.730249882,4.706,,,,,,
Austria,2010,10.22101879,18.60162544,5.700479984,4.8016,,,,,,
Austria,2011,10.02613258,18.73956299,5.592269897,4.8398,,,,,,
Austria,2012,10.19915581,18.67409134,5.480400085,4.8859,,,,,,
Austria,2013,10.28574944,19.1712513,5.547110081,4.9744,,,,,,
Austria,2014,10.36809254,19.09817696,5.447619915,5.0359,,,,,,
Austria,2015,10.36746693,19.09111214,5.456580162,5.1035,,,,,,
Austria,2016,10.3522625,19.24335289,5.47961998,5.1234,,,,,,
Austria,2017,10.38262367,19.14415932,5.371890068,5.1697,,,,,,
Azerbaijan,2000,2.94894385,68.60791016,3.853990078,3.5743,,,,,,
Azerbaijan,2001,2.75584769,70.0835495,3.503420115,3.548,,,,,,
Azerbaijan,2002,2.73274231,72.29073334,3.154459953,3.5618,,,,,,
Azerbaijan,2003,2.73488688,68.867836,3.286149979,3.5505,,,,,,
Azerbaijan,2004,2.66530418,65.7750473,3.447700024,3.5568,,,,,,
Azerbaijan,2005,2.26107669,58.51049423,2.974620104,3.5819,,,,,,
Azerbaijan,2006,2.06678391,56.38795471,2.555520058,3.5649,,,,,,
Azerbaijan,2007,1.99021435,52.713871,2.549279928,3.7124,45.8,99.38394165,0.172745627,70.74662724,,
Azerbaijan,2008,1.93880868,54.16812134,2.44092989,3.6844,,,,,,
Azerbaijan,2009,2.6137836,55.5350914,3.224309921,3.6751,40.1,99.68215179,0.174065643,74.66394509,,
Azerbaijan,2010,2.48996663,57.92219543,2.780620098,3.6629,37.4,99.69262695,0.174763175,76.66510273,,
Azerbaijan,2011,2.44641805,59.86849594,2.435640097,3.4376,1,99.70496368,0.17548651,78.69497302,,
Azerbaijan,2012,2.96481562,60.62773895,2.067630053,3.4901,32.6,99.70285797,0.176239295,80.46702109,,
Azerbaijan,2013,3.03672314,64.20559692,2.442130089,3.4558,30.4,99.71681976,0.177024732,81.96018446,,
Azerbaijan,2014,3.37713742,65.57722473,2.633039951,3.446,28.3,99.7196579,0.177847106,83.47031373,,
Azerbaijan,2015,,,,,26.3,99.7171402,0.088274497,84.99569481,,
Azerbaijan,2016,,,,,24.6,99.71955109,0.087676074,85.69377094,,
Azerbaijan,2017,,,,,1,99.72199249,0.087048404,86.38904431,,
Bahrain,2001,,,,,1,83.55741882,1,98.84970743,,
Bahrain,2006,3.06248927,27.09490967,2.874409914,1.0142,,,,,,
Bahrain,2007,3.30373311,30.15912437,2.575000048,1.0155,,,,,,
Bahrain,2008,3.28510404,27.22068405,2.496779919,0.9896,,,,,,
Bahrain,2010,,,,,8.5,89.01043701,1,98.96788255,,
Bahrain,2012,4.10642147,26.80383301,2.645309925,0.957,,,,,,
Bahrain,2013,4.30853891,26.91797256,2.476890087,0.9536,,,,,,
Bahrain,2014,4.40681839,26.17599869,2.467459917,0.9573,,,,,,
Bahrain,2015,4.97506618,25.84038734,2.674540043,0.9257,,,,,,
Bangladesh,2001,1.98674393,65.14016724,2.171930075,0.2498,81.6,40.823349,15.77866165,55.27115966,,
Bangladesh,2003,2.19150281,62.38762665,2.069390059,0.2714,,,,,,
Bangladesh,2004,2.21405101,62.50523758,1.940140009,0.2809,,,,,,
Bangladesh,2006,2.32201099,65.07526398,2.131289959,0.3167,,,,,,
Bangladesh,2007,2.38769174,65.81632233,2.202219963,0.3293,57.7,43.74084854,9.901515171,55.07018233,,
Bangladesh,2008,2.34595656,67.16353607,2.05456996,0.342,,,,,,
Bangladesh,2009,2.4033823,67.23670197,1.939419985,0.3544,,,,,,
Bangladesh,2011,2.56593657,67.3722229,2.132699966,0.3839,46.1,55.11943817,6.200095368,54.86629665,,
Bangladesh,2012,2.57301211,67.46909332,2.175499916,0.4001,43.8,54.23603821,5.30484137,55.20873295,,
Bangladesh,2013,2.50334787,68.5146637,1.966160059,0.4218,41.6,57.78900146,4.422388071,55.56673972,,
Bangladesh,2014,,,,,39.5,57.8609314,3.552648541,55.9399014,,
Bangladesh,2015,,,,,37.5,62.25299072,2.695839017,56.32891798,,
Bangladesh,2016,2.31178045,73.12600708,1.535539985,0.4974,35.7,69.89720917,1.851918354,56.73353706,,
Bangladesh,2017,,,,,33.9,70.08570099,1.020961285,57.15407412,,
Bangladesh,2018,,,,,32.3,71.18193817,0.220962759,57.59065733,,
Barbados,2000,5.33187246,39.37475586,4.71585989,1.3444,,,,,,
Barbados,2001,5.52529192,38.05859375,6.055369854,1.5413,,,,,,
Barbados,2005,6.76892185,35.07392883,5.669650078,1.7698,,,,,,
Barbados,2010,6.77398682,38.08008957,6.054399967,1.811,,,,,,
Barbados,2017,6.62216997,45.29132462,4.366380215,2.4843,,,,,,
Belarus,2000,5.46676111,16.02836037,6.196619987,3.2998,,,,,,
Belarus,2004,5.93219662,19.22101021,5.712259769,3.302,,,,,,
Belarus,2005,6.27653837,21.78302574,5.871029854,3.3145,,,,,,
Belarus,2006,5.76295853,24.38807869,6.076960087,3.3795,,,,,,
Belarus,2007,5.88534021,25.79393959,5.152100086,3.5306,,,,,,
Belarus,2009,5.39037848,30.9197216,4.368939877,3.2845,1,99.49398804,1,88.87068173,,
Belarus,2010,5.65693998,29.16506767,5.220039845,3.2498,,,,,,
Belarus,2011,4.87438536,33.58784485,4.684790134,4.7611,,,,,,
Belarus,2012,5.245327,30.773983,4.959640026,4.8352,,,,,,
Belarus,2013,5.69559479,33.79233932,5.009419918,4.8534,,,,,,
Belarus,2014,5.38793373,34.89432526,4.818309784,5.012,,,,,,
Belarus,2015,6.06533337,36.20261383,4.787519932,5.1905,,,,,,
Belgium,2005,9.26218891,20.34589577,5.795859814,2.8521,,,,,,
Belgium,2008,9.63237667,20.17620277,6.332940102,2.9021,,,,,,
Belgium,2009,10.35561562,19.92362976,6.458099842,2.9078,,,,,,
Belgium,2010,10.23373413,19.94114876,6.442590237,2.9085,,,,,,
Belgium,2011,10.39215851,19.79354477,6.431990147,2.9219,,,,,,
Belgium,2013,10.56154251,19.74675751,6.630529881,2.9585,,,,,,
Belgium,2014,10.44007111,19.77132607,6.590469837,2.9723,,,,,,
Belgium,2015,10.42703342,19.50211525,6.451570034,3.0138,,,,,,
Belgium,2016,10.28172588,18.94221687,6.461730003,3.0679,,,,,,
Belgium,2017,10.40608311,19.0301857,6.425340176,3.0709,,,,,,
Belize,2000,3.92283607,37.06580353,5.028429985,1.015,,,,,,
Belize,2009,5.69172812,24.28322983,6.178170204,0.7658,,,,,,
Belize,2010,5.59605885,24.62802124,6.719759941,0.828,,,,,,
Belize,2014,6.10395241,22.32472801,6.614689827,0.5659,,,,,,
Belize,2017,5.70125389,23.90730286,7.45028019,1.1229,,,,,,
Benin,2004,3.07281566,51.1104393,2.566900015,0.0401,,,,,,
Benin,2008,2.69258809,47.40301895,2.777280092,0.0623,,,,,,
Benin,2010,2.99474454,45.03013229,3.679970026,0.0558,,,,,,
Benin,2011,3.09318352,43.61854935,4.397880077,0.0577,,,,,,
Benin,2012,3.41449833,37.40644836,3.562020063,0.1646,,,,,,
Benin,2013,2.85861254,42.31209183,3.327510118,0.1849,,,,,,
Benin,2016,2.78015947,43.33938217,2.899100065,0.0481,,,,,,
Benin,2018,2.49141979,44.54978943,2.933969975,0.0791,,,,,,
Bhutan,2004,4.46532822,16.25363731,6.609069824,0.1847,,,,,,
Bhutan,2005,,,,,57.4,38.68066025,7.388524299,31.41844539,,
Bhutan,2008,3.30082774,15.47424793,4.911590099,0.2546,,,,,,
Bhutan,2010,3.47357607,16.4826355,4.12473011,0.023,,,,,,
Bhutan,2012,,,,,37.9,45.20450974,3.582970174,34.36864461,,
Bhutan,2013,3.62129545,20.31390381,5.722750187,0.2858,,,,,,
Bhutan,2014,3.46891737,21.17123222,6.04489994,0.3393,,,,,,
Bhutan,2015,3.65720773,19.79465866,7.590099812,0.3448,,,,,,
Bhutan,2016,3.48117137,20.12969589,6.993330002,0.4059,,,,,,
Bhutan,2017,3.24491644,13.3064661,7.225739956,0.4024,30.6,57.08361816,1.048451385,36.1630326,,
Bhutan,2018,3.0574255,13.16380501,6.850840092,0.4242,,,,,,
Bosnia and Herzegovina,2000,,,,,9.9,94.35993958,0.661041375,87.34998048,,
Bosnia and Herzegovina,2011,,,,,6.9,96.80371094,1,88.65033659,,
Bosnia and Herzegovina,2013,,,,,6.5,94.91049194,1,88.79768007,,
Botswana,2005,5.02534151,8.82705784,10.67858982,0.259,,,,,,
Botswana,2007,5.33311653,6.77262259,8.851490021,0.378,,,,,,
Botswana,2009,6.5250082,5.42353058,9.632920265,0.3547,,,,,,
Botswana,2016,5.56052208,3.30749416,7.974820137,0.5269,,,,,,
Brazil,2000,8.33481598,36.59222031,3.948930025,1.1337,34.6,86.50005341,8.910025809,75.99606802,,
Brazil,2001,8.5499382,37.80702972,3.844680071,1.3895,,,,,,
Brazil,2002,8.70437145,36.40619659,3.750370026,1.4181,,,,,,
Brazil,2004,8.13533783,35.36583328,3.974479914,1.587,26.4,88.80612946,6.83318915,77.60419859,,
Brazil,2005,8.04407787,35.87644196,4.4790802,1.6663,,,,,,
Brazil,2006,8.25891399,34.37126541,4.870600224,1.7007,23.2,89.85559082,5.862148476,78.1382912,,
Brazil,2007,8.20776176,33.09412003,4.974259853,1.7306,21.8,90.22801208,5.391408152,78.39773752,,
Brazil,2008,8.01598835,30.88409233,5.268839836,1.7802,20.6,90.21955109,4.930287589,78.65221598,,
Brazil,2009,8.40254688,31.21032143,5.463550091,1.8171,19.6,90.41121674,4.478986499,78.90124496,,
Brazil,2010,7.94913244,29.38520622,5.648799896,1.8139,18.7,90.68170166,4.03690021,79.14548167,,
Brazil,2011,7.78833342,29.29958344,5.737410069,1.8491,17.9,91.63314819,3.602450642,79.38738202,,
Brazil,2012,,,,,17.3,91.62490082,3.17713097,79.62451905,,
Brazil,2013,7.97721243,28.1770668,5.838850021,1.882,16.7,91.76496124,2.761021379,80.41174261,,
Brazil,2014,,,,,16.2,92.06051636,2.353523133,81.19584995,,
Brazil,2015,,,,,15.7,92.34378815,1.954703743,81.97630358,,
Brazil,2016,,,,,16.4,93.02120209,1.564429024,82.69040002,,
Brazil,2017,9.46933746,27.45549393,6.32047987,2.1652,14.8,93.24371338,1.182369726,83.52582053,,
Brazil,2018,9.51438713,27.54380798,6.088510036,2.1643,14.4,93.42507172,0.8084186,84.2947419,,
Bulgaria,2001,6.85958767,43.70612717,3.384239912,3.4279,16.7,97.70648956,1,90.21898765,,
Bulgaria,2002,7.0809865,39.79439545,3.386080027,3.5199,,,,,,
Bulgaria,2003,7.19987392,38.06082916,3.998450041,3.6042,,,,,,
Bulgaria,2004,6.89090872,39.20325851,2.319950104,3.5387,,,,,,
Bulgaria,2005,6.89011431,38.86741257,4.108799934,3.6651,,,,,,
Bulgaria,2006,6.52544594,42.64740753,3.903460026,3.6805,,,,,,
Bulgaria,2007,6.16035938,42.59270096,3.682640076,3.68,,,,,,
Bulgaria,2008,6.28771019,42.62918854,4.222380161,3.6488,,,,,,
Bulgaria,2009,6.59886885,44.3673439,4.274290085,3.7401,,,,,,
Bulgaria,2010,7.14063406,43.14134598,3.880959988,3.7661,,,,,,
Bulgaria,2011,7.14162683,44.46372604,3.565030098,3.8467,10.4,97.98390198,1,95.36347666,,
Bulgaria,2012,7.57881832,47.7468071,3.493590117,3.8995,,,,,,
Bulgaria,2013,7.1707921,41.86244202,4.072440147,3.963,,,,,,
Burkina Faso,2006,5.09151554,30.85259819,3.982189894,0.028,,,,,,
Burkina Faso,2010,5.89295959,30.1687336,3.502229929,0.0457,,,,,,
Burkina Faso,2011,5.22973108,32.88170242,3.985150099,0.0386,,,,,,
Burkina Faso,2012,5.17797041,32.38356781,3.603159904,0.0475,,,,,,
Burkina Faso,2013,6.25649023,33.53733063,4.083439827,0.047,,,,,,
Burkina Faso,2014,5.62491322,34.07847595,4.053299904,0.0487,,,,,,
Burkina Faso,2015,5.82546854,36.02980042,3.67008996,0.0657,,,,,,
Burkina Faso,2017,6.91190195,31.67767906,5.628469944,0.0847,,,,,,
Burundi,2000,6.17697144,41.7869339,2.645479918,0.052,,,,,,
Burundi,2004,7.70102644,35.56011963,3.74496007,0.028,,,,,,
Burundi,2010,11.27638912,28.20030785,6.775249958,0.0482,,,,,,
Burundi,2011,10.06996346,25.47524261,6.319250107,0.0399,,,,,,
Burundi,2012,8.52668476,22.69366455,6.167860031,0.0539,,,,,,
Burundi,2013,8.14256191,21.08439445,5.995359898,0.0581,,,,,,
Burundi,2014,6.88927555,29.92245293,6.784520149,0.0619,,,,,,
Burundi,2015,6.57857561,30.8293705,6.370540142,0.05,,,,,,
Burundi,2016,7.49265718,25.21500206,4.691999912,0.05,,,,,,
Burundi,2017,7.51763725,25.46273232,4.762020111,0.1001,,,,,,
Cabo Verde,2004,4.37710667,23.83398628,7.476640224,0.493,,,,,,
Cabo Verde,2009,3.88152456,24.22961617,5.308959961,0.5157,,,,,,
Cabo Verde,2010,4.47555733,28.08193207,5.567289829,0.5928,,,,,,
Cabo Verde,2011,4.30527449,25.89292908,5.043610096,0.5853,,,,,,
Cabo Verde,2013,5.28994226,24.25014496,5.001440048,0.6019,,,,,,
Cabo Verde,2015,4.81784487,27.76207542,5.266910076,0.7814,,,,,,
Cambodia,2000,6.54116726,68.68592072,1.666810036,0.1684,,,,,,
Cambodia,2004,,,,,70.8,64.05098724,73.25247817,18.90913924,,
Cambodia,2008,,,,,51.5,69.58641052,59.74698092,20.81578901,,
Cambodia,2009,7.58330584,50.50344467,1.665680051,0.2378,47.7,69.10901642,56.27551765,21.37751637,,
Cambodia,2010,6.9116993,51.90946579,1.533789992,0.2302,,,,,,
Cambodia,2011,7.50353098,59.74187851,1.510689974,0.2263,,,,,,
Cambodia,2012,7.26115417,60.47090912,1.560899973,0.1651,,,,,,
Cambodia,2013,7.10386801,61.22215271,2.05053997,0.4758,,,,,,
Cambodia,2014,6.70157766,58.62177658,1.909389973,0.1927,33.3,71.78179932,39.07311324,24.23943634,,
Cambodia,2015,,,,,31.6,75.03386688,35.66522949,24.82287522,,
Cameroon,2004,4.01539326,73.96181488,3.013639927,0.181,,,,,,
Cameroon,2005,4.09552193,74.42584991,2.887170076,0.0592,,,,,,
Cameroon,2007,3.9596808,75.0528717,3.075229883,0.0704,,,,,,
Cameroon,2009,3.73968959,76.82360077,3.109420061,0.068,,,,,,
Cameroon,2010,3.75899553,76.04883575,2.993659973,0.0842,,,,,,
Cameroon,2011,4.01686096,69.66052246,2.766769886,0.0881,,,,,,
Canada,2001,8.65530014,15.92599487,4.953030109,1.8871,,,,,,
Canada,2002,8.88823891,15.9083395,4.993080139,1.8969,,,,,,
Canada,2008,9.59853268,15.2439537,4.62612009,1.959,,,,,,
Canada,2010,10.6837883,15.23122311,5.356369972,2.0384,,,,,,
Central African Republic,2000,,,,,169.8,35.29090118,22.66509054,8.530864518,,
Central African Republic,2004,4.20026016,53.72830582,1.624529958,0.0836,,,,,,
Central African Republic,2008,4.02794027,57.94966888,1.290009975,0.0405,,,,,,
Central African Republic,2009,4.72996759,48.25534058,1.254580021,0.0473,,,,,,
Central African Republic,2010,,,,,147.6,24.35548973,24.2434782,7.2524134,,
Central African Republic,2015,5.03434181,48.77671432,1.910230041,0.0721,,,,,,
Central African Republic,2018,,,,,114.2,25.75638008,25.02799677,6.385207015,,
Chad,2000,5.45750713,56.216259,2.646709919,0.0281,185.1,12.7964201,71.24425817,5.642631434,,
Chad,2001,5.2932992,58.26092911,2.42614007,0.025,,,,,,
Chad,2004,5.50012684,51.01406479,1.592949986,0.0354,171.6,17.98057938,69.95656977,5.634511731,,
Chad,2012,3.85607934,59.42822266,2.206150055,0.0413,,,,,,
Chad,2013,4.06645298,58.63795471,2.850709915,0.0433,,,,,,
Chad,2014,4.27316856,55.72120667,2.599999905,0.0445,,,,,,
Chad,2015,4.52395248,56.72420883,2.400000095,0.0493,129.4,13.93340969,66.18521818,5.564838707,,
Chad,2016,4.90541553,55.98659515,2.299999952,0.0471,125.6,13.95522976,65.78520452,5.565620778,,
Chad,2017,4.40445328,58.02315903,2.454819918,0.0434,,,,,,
Chile,2002,7.26602364,42.48400497,4.081210136,0.8921,9.8,95.64093018,2.049619899,93.07063436,,
Chile,2003,7.33330393,42.76384735,3.963459969,0.9466,,,,,,
Chile,2004,6.90115023,41.84412003,3.538389921,0.9842,,,,,,
Chile,2005,6.58871555,42.47086716,3.262830019,0.9804,,,,,,
Chile,2006,6.03516722,40.74997711,3.021529913,1.0404,,,,,,
Chile,2007,6.17537546,39.18727493,3.21378994,1.0365,,,,,,
Chile,2008,6.74047899,37.43042755,3.792429924,1.0389,8.9,97.7420578,1.314398584,95.54008597,,
Chile,2009,7.20918465,34.58893967,4.230649948,1.0294,8.8,97.40083313,1.191884629,95.95954891,,
Chile,2010,6.77489328,34.46762848,4.162089825,1.4333,,,,,,
Chile,2011,6.7717886,34.49925995,4.045189857,1.5854,8.5,96.53070831,0.946879429,96.80474805,,
Chile,2013,7.44478321,33.63830948,4.529429913,1.8806,8.3,96.16175079,0.701900527,97.65809925,,
Chile,2014,7.80729866,34.26873016,4.730949879,2.0278,,,,,,
Chile,2015,8.30269146,34.50925827,4.875309944,2.147,7.9,96.74395752,0.183789356,98.38247341,,
Chile,2016,8.51866722,34.75082779,5.342010021,2.2937,,,,,,
Chile,2017,9.06820488,33.30509567,5.419660091,2.4411,7.4,96.33402252,1,98.77024025,,
Chile,2018,9.14051342,33.23550415,5.433169842,2.5912,,,,,,
China,2010,4.2079916,40.8000145,3.754640102,1.4532,,,,,,
China,2011,4.32551336,40.26554108,3.52196002,1.4637,,,,,,
China,2012,4.5493989,39.23458862,4.077429771,1.5367,,,,,,
China,2013,4.71002245,38.15951538,3.852509975,1.6332,,,,,,
China,2014,4.77322769,36.56483459,3.726639986,1.6877,,,,,,
China,2015,4.8887229,35.0892868,3.82487011,1.7732,,,,,,
China,2016,4.98188066,35.90618515,3.79362011,1.8647,,,,,,
China,2017,5.15119171,36.05040741,3.667449951,1.9798,,,,,,
Colombia,2002,5.73295689,11.48960781,4.268129826,1.4376,,,,,,
Colombia,2004,,,,,22.1,92.71463013,7.18758827,70.19455987,,
Colombia,2005,6.06709814,16.40795898,4.020989895,1.4727,21.5,92.91124725,6.850523944,70.5302658,,
Colombia,2006,6.33551502,17.93336868,3.916719913,1.4959,20.8,92.22059631,6.520519124,70.8617815,,
Colombia,2007,6.49102831,19.24852371,4.083010197,1.5192,20.2,92.8456192,6.197664874,71.06397687,,
Colombia,2008,6.84192705,20.85273552,3.938780069,1.5428,19.6,93.4353714,5.881630492,71.26051971,,
Colombia,2009,7.31134653,18.01454735,4.776519775,1.5668,1,93.41513062,5.572305791,71.4514642,,
Colombia,2010,7.07130146,17.00355721,4.83382988,1.5917,18.4,93.48679352,5.269760312,71.63641566,,
Colombia,2011,6.78076839,15.31575489,4.466080189,1.6966,17.8,93.66712952,4.973860329,71.81544321,,
Colombia,2012,6.74599648,17.85855293,4.370389938,1.74,,,,,,
Colombia,2013,7.01724052,17.15289879,4.878550053,1.8431,,,,,,
Colombia,2014,7.18553209,16.27700996,4.629459858,1.8534,16.1,94.48465729,4.124239968,72.31897619,,
Colombia,2015,7.52338552,15.40105057,4.470389843,1.9742,15.6,94.41581726,3.853317323,72.47583227,,
Colombia,2016,7.53117037,15.61221027,4.477210045,2.0335,15.1,94.89022064,3.58826519,72.62751108,,
Colombia,2017,7.67864275,15.36301041,4.535510063,2.1064,,,,,,
Colombia,2018,7.63980007,15.1307478,4.449100018,2.1848,14.2,95.31891632,3.075688284,72.88915478,,
Comoros,2012,4.67309475,77.83781433,2.747839928,0.1699,,,,,,
Costa Rica,2000,6.59314299,31.57487297,4.666950226,1.3133,13.1,95.08078766,0.78594635,76.28844358,,
Costa Rica,2006,6.96992493,31.0769558,4.616139889,2.0415,,,,,,
Costa Rica,2007,7.03324175,30.91247177,4.63451004,2.0905,,,,,,
Costa Rica,2008,7.51461315,29.51094818,4.886970043,2.1577,,,,,,
Costa Rica,2009,7.90734673,26.40225029,6.010300159,2.2178,,,,,,
Costa Rica,2010,8.11340141,25.38431358,6.565740108,2.3057,,,,,,
Costa Rica,2011,8.21805191,25.78322983,6.379889965,2.3721,10.2,97.50041199,0.388033391,79.49611379,,
Costa Rica,2012,7.91351128,24.5027504,6.582399845,2.4578,,,,,,
Costa Rica,2013,7.86832047,23.22566605,6.687399864,1.1411,,,,,,
Costa Rica,2014,7.88175106,24.41330528,6.67952013,2.6434,,,,,,
Costa Rica,2015,7.82285929,22.59923172,6.87349987,1.3794,,,,,,
Costa Rica,2016,7.5334692,22.20295143,6.893959999,1.3759,,,,,,
Costa Rica,2017,7.32879639,21.25539017,7.069809914,2.9533,,,,,,
Costa Rica,2018,7.56336021,22.4164238,6.779069901,2.8939,8.7,97.92443085,0.18081291,80.52559024,,
Croatia,2001,,,,,1,97.08390045,1,81.88987049,,
Croatia,2002,6.20467758,18.63236237,3.820039988,2.4089,,,,,,
Croatia,2003,6.35693502,16.64276314,3.864799976,2.4653,,,,,,
Croatia,2004,6.56943607,18.12159729,3.819649935,2.5304,,,,,,
Croatia,2007,7.46290779,12.39423561,3.971659899,2.7047,,,,,,
Croatia,2008,7.725914,14.51390839,4.283380032,2.7113,,,,,,
Croatia,2009,8.17594814,13.74662781,4.3917799,2.7211,,,,,,
Croatia,2010,8.10364056,13.95677757,4.234220028,2.8428,,,,,,
Croatia,2011,7.79134035,12.0521698,4.137949944,2.8958,,,,,,
Croatia,2013,6.53333521,8.83127689,4.554130077,3.0178,,,,,,
Cuba,2000,6.58189821,16.22938156,7.704810143,5.9316,,,,,,
Cuba,2001,6.98209763,18.70623779,8.358090401,5.9406,,,,,,
Cuba,2002,7.11481667,19.3773613,9.571169853,5.9894,,,,,,
Cuba,2003,7.10295439,20.32512474,9.940859795,6.0572,,,,,,
Cuba,2004,6.83178759,19.59809303,10.26823044,6.1965,,,,,,
Cuba,2005,8.75525475,14.84367561,10.55778027,6.2686,,,,,,
Cuba,2006,8.2719059,14.26366234,9.057169914,6.3483,,,,,,
Cuba,2007,10.96749115,9.78314972,11.86820984,6.4363,,,,,,
Cuba,2008,11.31422806,8.83751297,14.05908012,6.6345,,,,,,
Cuba,2009,12.29053974,8.0996418,13.12485981,6.6698,,,,,,
Cuba,2010,10.6880827,9.18197155,12.83730984,6.8152,,,,,,
Cyprus,2000,5.30800056,55.9019165,4.9895401,1.9082,,,,,,
Cyprus,2001,5.33940458,55.2161293,5.11552,1.915,6.2,95.07965851,1,95.6425083,,
Cyprus,2002,5.61565971,52.7716217,5.581669807,1.8782,,,,,,
Cyprus,2003,5.63568783,47.65464783,6.670229912,1.8619,,,,,,
Cyprus,2004,5.40558147,49.88217926,6.117720127,1.9121,,,,,,
Cyprus,2005,5.43580961,49.8321991,6.286670208,1.8965,,,,,,
Cyprus,2006,5.46357489,48.32824707,6.330269814,1.8374,,,,,,
Cyprus,2007,5.35744858,48.79761505,6.280829906,2.0147,,,,,,
Cyprus,2008,6.01427698,51.40008163,6.722760201,2.0507,,,,,,
Cyprus,2009,6.46531582,49.92380524,7.205450058,2.1064,,,,,,
Cyprus,2010,6.51767111,43.10596848,6.54279995,2.1562,,,,,,
Cyprus,2011,6.44928503,41.37463379,6.538539886,2.2484,3.3,98.1162262,1,97.98940241,,
Cyprus,2013,6.94518471,42.59913254,6.483779907,2.4076,,,,,,
Cyprus,2014,6.9609561,45.11098099,6.440499783,2.4993,,,,,,
Cyprus,2015,6.92568588,44.7154007,6.326129913,2.6236,,,,,,
Cyprus,2016,6.83423901,46.11189651,6.145410061,1.9509,,,,,,
Czech Republic,2000,5.71755314,10.1975069,3.64034009,3.3631,,,,,,
Czech Republic,2001,5.88764715,10.64326572,3.732830048,3.4293,,,,,,
Czech Republic,2002,6.19887209,10.00170326,3.95878005,3.487,,,,,,
Czech Republic,2003,6.55446577,10.36722469,4.117280006,3.512,,,,,,
Czech Republic,2004,6.3854723,10.70501423,3.992389917,3.5067,,,,,,
Czech Republic,2005,6.38101006,11.09285164,3.865910053,3.491,,,,,,
Czech Republic,2006,6.19553137,11.64602375,4.195509911,3.5534,,,,,,
Czech Republic,2007,6.01604843,13.63102531,3.84717989,3.5544,,,,,,
Czech Republic,2008,6.35973358,16.13297081,3.727190018,3.5415,,,,,,
Czech Republic,2009,7.29290485,15.05053902,4.14605999,3.5032,,,,,,
Czech Republic,2010,6.92806244,15.25087547,4.033500195,3.5166,,,,,,
Czech Republic,2011,6.97689199,15.02145863,4.242090225,3.5606,,,,,,
Czech Republic,2012,7.02843523,15.29148865,4.220709801,3.6502,,,,,,
Czech Republic,2013,7.80669546,13.58585358,4.046760082,3.6628,,,,,,
Czech Republic,2014,7.65308523,14.08199215,3.965229988,3.9345,,,,,,
Czech Republic,2015,7.24275684,14.82839394,5.751820087,3.9516,,,,,,
Czech Republic,2016,7.1495986,15.02381229,5.553730011,4.0194,,,,,,
Czech Republic,2017,7.23133898,14.80910206,3.806159973,4.0676,,,,,,
Czech Republic,2018,7.64651203,14.1906004,4.26692009,4.1208,,,,,,
Denmark,2000,8.10438347,15.35643196,8.084340096,2.9119,,,,,,
Denmark,2001,8.44832611,15.11594772,8.215450287,2.9333,,,,,,
Denmark,2002,8.70251179,14.72838497,8.213029861,3.0383,,,,,,
Denmark,2003,8.9036293,14.55719471,8.121930122,3.083,,,,,,
Denmark,2004,9.00743198,14.87114143,8.207630157,3.2276,,,,,,
Denmark,2005,9.0905695,14.70920753,8.085570335,3.3333,,,,,,
Denmark,2006,9.16879559,14.52643013,7.729909897,3.4192,,,,,,
Denmark,2007,9.3251543,14.56182575,7.615600109,3.4527,,,,,,
Denmark,2008,9.51134396,14.11779785,7.4760499,3.5768,,,,,,
Denmark,2009,10.67432022,13.68460464,8.448880196,3.6488,,,,,,
Denmark,2010,10.33315945,14.38571072,8.559550285,3.7211,,,,,,
Denmark,2011,10.15291023,14.55076981,8.48486042,3.7808,,,,,,
Denmark,2012,10.24135303,14.15905666,7.237820148,3.8243,,,,,,
Denmark,2013,10.16958141,13.81008339,8.494429588,3.8335,,,,,,
Denmark,2014,10.17190456,13.77454948,7.634850025,3.8632,,,,,,
Djibouti,2004,3.32442927,41.30123901,9.264670372,0.1672,,,,,,
Djibouti,2005,3.22467232,41.67882919,8.365889549,0.1788,,,,,,
Djibouti,2006,3.48426819,37.76251602,8.278779984,0.2328,,,,,,
Djibouti,2010,3.06150365,29.03930855,4.49022007,0.229,,,,,,
Dominica,2017,5.44028521,28.56959343,4.766749859,1.1189,,,,,,
Dominican Republic,2000,4.88427496,55.32014465,1.888290048,1.8498,,,,,,
Dominican Republic,2011,5.66508865,42.44412994,1.900239944,1.5268,,,,,,
Dominican Republic,2017,5.83058691,44.73819733,3.920269966,1.56,,,,,,
Ecuador,2000,3.31528974,63.88640976,1.150930047,1.4459,,,,,,
Ecuador,2001,,,,,27.3,89.69709015,13.12171368,58.75802328,,
Ecuador,2007,,,,,20.9,90.86557007,8.874330967,61.64964051,,
Ecuador,2008,,,,,1,91.12256622,8.185239066,62.12471337,,
Ecuador,2009,6.4387331,50.85087967,4.342420101,1.5983,19.1,90.91754913,7.500267776,62.59912586,,
Ecuador,2010,7.12195635,47.52025604,4.507430077,2.1111,18.3,90.47010803,6.819246968,63.0731279,,
Ecuador,2011,7.86521816,45.43479538,4.726890087,1.6582,17.5,90.22081757,6.146488612,63.53851286,,
Ecuador,2012,,,,,16.7,90.95168304,5.479792218,63.99779835,,
Ecuador,2013,,,,,16.1,92.21807861,4.815871921,64.45679449,,
Ecuador,2014,,,,,15.5,93.25386047,4.154824209,64.91525851,,
Ecuador,2015,8.58845711,43.86994171,4.998700142,2.0648,15.1,93.25662231,3.496447184,65.37367203,,
Ecuador,2016,8.29596043,40.38443756,4.362750053,2.0368,14.8,93.31452942,2.799140993,65.83156127,,
Ecuador,2017,,,,,14.5,92.08669281,2.320927668,66.18117482,,
El Salvador,2000,8.92467785,51.68439102,2.838680029,1.211,,,,,,
El Salvador,2002,8.77833939,49.19662857,3.242840052,1.3314,,,,,,
El Salvador,2005,8.43694401,42.68722534,3.177850008,1.711,,,,,,
El Salvador,2006,7.92342138,32.83423615,3.492980003,1.5,,,,,,
El Salvador,2008,7.66487646,34.58769608,4.458109856,1.8823,,,,,,
El Salvador,2010,8.23629189,32.74489594,4.048079967,1.596,,,,,,
El Salvador,2016,7.7171073,27.16887665,3.825239897,1.5662,,,,,,
Eritrea,2004,7.00984907,35.13972092,3.148969889,0.079,,,,,,
Estonia,2000,5.15698433,20.3646183,5.332429886,3.1242,10.9,99.76006317,1,93.58354369,,
Estonia,2001,4.77708292,19.24532318,5.224609852,3.0502,,,,,,
Estonia,2002,4.70043564,20.55887222,5.431310177,3.0867,,,,,,
Estonia,2003,4.85959911,20.5128212,5.271170139,3.1153,,,,,,
Estonia,2004,5.119555,22.39760399,4.877349854,3.1791,,,,,,
Estonia,2005,5.05801439,22.63690186,4.813159943,3.143,,,,,,
Estonia,2007,4.98330879,22.6505146,4.620639801,3.2508,,,,,,
Estonia,2008,5.71032381,20.72413445,5.477379799,3.3348,,,,,,
Estonia,2009,6.51218891,20.33495522,5.926519871,3.2767,,,,,,
Estonia,2010,6.27224827,21.91824913,5.472499847,3.2422,,,,,,
Estonia,2011,5.76757813,21.55589867,4.969210148,3.2929,4.2,99.90947723,1,95.86012132,,
Estonia,2012,5.79034519,21.51741219,4.682690144,3.2822,,,,,,
Estonia,2013,5.97791481,22.60502815,4.812670231,3.3318,,,,,,
Estonia,2014,6.08077621,22.62244415,5.01113987,3.3564,,,,,,
Estonia,2015,6.34629202,22.78413773,5.106850147,3.4152,,,,,,
Estonia,2016,6.42956781,22.72888374,5.114459991,3.4546,,,,,,
Estonia,2017,6.59183788,24.87693596,4.956299782,3.4629,,,,,,
Estonia,2018,6.6878767,24.67036438,5.238870144,4.4833,,,,,,
Eswatini,2001,5.13895321,17.86198807,4.838240147,0.1766,,,,,,
Eswatini,2003,6.37864399,15.05786896,5.816770077,0.1564,,,,,,
Eswatini,2004,6.81432486,14.64396858,5.401609898,0.1666,,,,,,
Eswatini,2009,8.63292217,10.42381477,6.471350193,0.1636,,,,,,
Eswatini,2011,8.46997261,10.48334503,6.864329815,0.1017,,,,,,
Eswatini,2016,6.77650404,10.58516216,5.414669991,0.3285,,,,,,
Ethiopia,2000,4.3650465,35.95730209,3.983109951,0.021,,,,,,
Ethiopia,2001,4.72316694,34.5539856,3.700289965,0.028,,,,,,
Ethiopia,2002,4.7126298,37.46262741,3.632450104,0.029,,,,,,
Ethiopia,2004,,,,,115.2,22.79999924,64.89757396,5.935043365,,
Ethiopia,2005,,,,,108.8,17.97719955,61.87080584,6.161740563,,
Ethiopia,2006,4.45757294,38.77532959,5.490960121,0.0269,,,,,,
Ethiopia,2007,5.00128365,36.99623489,5.451129913,0.0224,97.1,28.9216404,55.83274958,6.674751772,,
Ethiopia,2008,4.28063917,38.47733307,5.408199787,0.0251,,,,,,
Ethiopia,2009,4.64983416,41.53925705,4.422070026,0.0252,,,,,,
Ethiopia,2010,5.46637201,42.29021072,4.496590137,0.022,,,,,,
Ethiopia,2016,3.66298747,35.43159103,5.061510086,0.0464,,,,,,
Ethiopia,2017,3.50331593,34.40161514,5.64951992,0.0986,55.8,44.42338181,25.68658391,10.95876046,,
Ethiopia,2018,3.29555655,35.46655273,5.06867981,0.0769,,,,,,
Finland,2000,7.09253168,21.62706375,5.709300041,2.8541,,,,,,
Finland,2001,7.25090408,21.2191143,5.840250015,2.8563,,,,,,
Finland,2002,7.62769508,20.74457169,6.0167799,2.892,,,,,,
Finland,2003,7.93805122,20.33722687,6.167439938,2.9215,,,,,,
Finland,2004,8.05912876,19.85958481,6.157579899,2.9509,,,,,,
Finland,2005,8.28795624,19.57610703,6.02507019,2.9913,,,,,,
Finland,2006,8.2841177,18.81658745,5.928380013,3.0262,,,,,,
Finland,2007,8.08359337,18.99827766,5.67125988,3.0351,,,,,,
Finland,2008,8.34310627,18.57298851,5.83010006,3.0618,,,,,,
Finland,2009,9.16122246,18.31736946,6.459559917,3.0861,,,,,,
Finland,2010,9.14202785,18.80395508,6.504449844,3.2653,,,,,,
Finland,2011,9.22303009,18.1520462,6.445049763,3.1221,,,,,,
Finland,2012,9.5857954,17.46195984,7.148039818,3.2854,,,,,,
Finland,2013,9.80534649,17.79447365,7.124040127,3.2966,,,,,,
Finland,2014,9.78115082,17.63744736,7.102369785,3.3922,,,,,,
Finland,2015,9.64523888,18.62889481,7.032080173,3.3309,,,,,,
Finland,2016,9.37796021,19.27291298,6.851530075,3.8118,,,,,,
France,2017,11.39050198,9.53568935,5.451600075,3.2565,,,,,,
France,2018,11.25789452,9.24835968,5.413169861,3.2672,,,,,,
Gabon,2016,3.1076982,22.55089188,2.769999981,0.3561,,,,,,
Gabon,2017,2.78074527,25.15639114,3.326809883,0.6819,,,,,,
Georgia,2000,7.39698839,80.98434448,2.181050062,3.8371,,,,,,
Georgia,2001,7.37039232,76.43830109,2.137500048,3.7156,,,,,,
Georgia,2002,8.03379822,77.12854767,2.235019922,3.8069,31.5,99.55284882,0.933138334,62.27734355,,
Georgia,2003,8.2554884,79.20792389,2.065599918,3.8267,,,,,,
Georgia,2004,8.3163681,79.43696594,2.914200068,3.8009,,,,,,
Georgia,2005,8.30393314,79.585495,2.484319925,3.8164,,,,,,
Georgia,2006,7.84626532,77.264328,3.00364995,3.8683,,,,,,
Georgia,2007,7.64387417,75.67359924,2.696870089,3.9027,,,,,,
Georgia,2008,8.68152046,66.54589081,2.919549942,4.0001,,,,,,
Georgia,2009,9.83542728,68.90898895,3.222379923,4.2219,,,,,,
Georgia,2010,9.54538918,72.72727203,2.803649902,4.4466,,,,,,
Georgia,2011,8.38810349,75.61214447,2.576139927,4.5004,,,,,,
Georgia,2012,8.37314224,73.43678284,1.906100035,4.4868,,,,,,
Georgia,2013,8.3957243,69.07719421,2.886719942,4.5145,,,,,,
Georgia,2014,8.43881893,65.97560883,2.997679949,4.7754,10.9,99.51457977,0.123740149,64.99382975,,
Georgia,2015,7.93235874,57.32433701,3.164870024,5.0055,,,,,,
Georgia,2016,8.42134666,55.51872253,3.593869925,5.9973,,,,,,
Georgia,2017,7.05804443,54.76190567,3.574429989,6.1297,1,99.2947464,0.005210503,65.66411509,,
Georgia,2018,7.11329746,47.668293,3.52105999,7.1201,,,,,,
Germany,2006,10.17961693,14.50706673,4.293960094,3.4748,,,,,,
Germany,2007,10.05104923,14.41263294,4.366799831,3.5287,,,,,,
Germany,2008,10.2510128,14.11693954,4.435949802,3.5863,,,,,,
Germany,2009,11.23758507,13.89421558,4.909510136,3.6638,,,,,,
Germany,2010,11.0968647,13.95870304,4.94367981,3.7567,,,,,,
Germany,2011,10.77629662,14.00680733,4.82487011,3.8491,,,,,,
Germany,2012,10.84700775,14.17806149,4.956580162,3.9197,,,,,,
Germany,2013,10.99187183,13.3172617,4.935389996,4.0087,,,,,,
Germany,2014,11.01583958,13.00820827,4.921020031,4.0846,,,,,,
Germany,2015,11.17801952,13.08936501,4.855150223,4.1342,,,,,,
Germany,2016,11.23043633,13.00117779,4.839230061,4.1944,,,,,,
Germany,2017,11.32229614,12.78383923,4.882740021,4.2488,,,,,,
Ghana,2000,,,,,99.4,49.79196167,21.67368309,13.27925395,,
Ghana,2004,3.10012674,53.52204895,7.535580158,0.1523,,,,,,
Ghana,2007,4.06612778,42.28912735,5.519869804,0.0725,,,,,,
Ghana,2008,4.19730759,41.50296021,5.757959843,0.0787,,,,,,
Ghana,2009,4.70667505,35.2159462,5.317440033,0.0841,,,,,,
Ghana,2010,4.69206762,34.40014267,5.540599823,0.0938,69.1,65.29469299,19.74131506,25.38765645,,
Ghana,2011,4.74449921,36.51836395,8.14097023,0.0979,,,,,,
Ghana,2012,4.18723392,40.59924316,7.919139862,0.0956,,,,,,
Ghana,2013,4.62300539,38.87570953,4.576469898,0.1686,,,,,,
Ghana,2016,3.46157742,37.82372665,4.528840065,0.127,,,,,,
Ghana,2017,3.32977843,41.21252441,3.627379894,0.1359,,,,,,
Ghana,2018,,,,,1,74.47438812,18.16678836,38.00904834,,
Greece,2000,7.24332571,36.2721138,3.230190039,4.2637,,,,,,
Greece,2001,7.9878397,34.7783165,3.364579916,4.3059,1,94.2394104,0.652022286,98.79788512,,
Greece,2002,8.23378086,37.3801918,3.424309969,4.5024,,,,,,
Greece,2003,8.44915676,37.89956284,3.429339886,4.6551,,,,,,
Greece,2004,8.09390354,38.96111679,3.667190075,4.8013,,,,,,
Greece,2005,8.56466961,36.87524414,3.963959932,3.384,4.6,90.76541138,0.319519536,99.03555136,,
Greece,2007,,,,,4.1,91.81246948,0.239948292,99.2146827,,
Greece,2009,,,,,3.9,91.84761047,0.164703424,99.39163332,,
Greece,2011,,,,,3.9,96.50211334,0.093674007,99.56646958,,
Greece,2015,8.01678371,36.7617569,3.666769981,5.2527,,,,,,
Greece,2017,7.96522522,35.08451843,3.47220993,5.4789,,,,,,
Greece,2018,,,,,1,97.39409637,1,100.0000023,,
Grenada,2003,5.28485727,53.70714188,3.926739931,0.5577,,,,,,
Grenada,2004,,,,,14.7,98.59999847,2.38630137,82.30464658,,
Grenada,2014,,,,,1,98.59999847,3.54109589,87.11526835,,
Grenada,2017,4.59776449,54.62178421,3.173799992,1.4067,,,,,,
Guatemala,2002,,,,,47.9,63.34138107,12.35057298,47.74983319,,
Guatemala,2012,,,,,31.9,72.42803955,6.428082083,52.70070458,,
Guatemala,2013,,,,,30.6,72.12758636,5.861181653,53.21091049,,
Guatemala,2014,,,,,29.4,76.37065887,5.29838585,53.72598527,,
Guatemala,2018,5.70716429,57.50035477,3.137049913,0.3549,25.4,76.72338104,3.093675154,55.30162493,,
Guinea,2000,4.74565029,65.30922699,2.593400002,0.0927,,,,,,
Guinea,2004,4.78207541,69.42337799,2.210000038,0.1106,,,,,,
Guinea,2005,4.04244757,70.01305389,1.849060059,0.1032,,,,,,
Guinea,2010,3.42332411,69.30169678,2.551189899,0.1,,,,,,
Guinea,2015,5.80920601,49.35240555,2.517139912,0.0855,,,,,,
Guinea,2016,5.39708233,49.76166534,2.544500113,0.0832,,,,,,
Guinea-Bissau,2000,,,,,1,27.49420929,36.26984686,17.59208607,,
Guinea-Bissau,2010,6.46586418,41.20049667,1.860820055,0.045,,,,,,
Guinea-Bissau,2011,6.13526964,39.52586365,1.857859969,0.064,,,,,,
Guinea-Bissau,2014,,,,,94.1,30.76851082,17.58073721,22.29960308,,
Guinea-Bissau,2015,8.59115314,69.64196777,2.299999952,0.2038,,,,,,
Guinea-Bissau,2016,7.65348768,74.22055054,2.299999952,0.1274,,,,,,
Guyana,2000,4.19365501,39.64279938,8.484149933,0.4902,,,,,,
Guyana,2009,5.70194817,34.02635956,2.150579929,0.2153,,,,,,
Guyana,2010,5.86968994,34.16838074,2.409389973,0.6872,,,,,,
Guyana,2018,5.93609333,32.29924011,4.45058012,0.8023,,,,,,
Haiti,2015,8.62852955,33.9648819,1.854009986,0.0852,,,,,,
Haiti,2018,7.69460344,43.58200836,1.682100058,0.2343,,,,,,
Honduras,2010,8.72536373,46.26252747,6.800000191,0.295,,,,,,
Honduras,2013,8.47723007,49.25833511,5.874929905,0.9839,,,,,,
Honduras,2016,7.69098616,49.88451767,5.159619808,0.5982,,,,,,
Honduras,2017,7.00069904,49.82243347,4.937019825,0.3089,,,,,,
Hungary,2000,6.77804375,27.36366653,4.868400097,3.0033,,,,,,
Hungary,2001,6.82614756,28.86576271,4.931009769,3.246,,,,,,
Hungary,2002,7.12101698,27.56357765,5.179230213,3.6681,,,,,,
Hungary,2003,8.11923409,26.39414024,5.791150093,3.7708,,,,,,
Hungary,2004,7.77005482,25.87196732,5.335859776,3.3345,,,,,,
Hungary,2005,8.00078201,25.80142593,5.330920219,2.7816,,,,,,
Hungary,2006,7.78737354,25.04640579,5.296080112,3.0406,,,,,,
Hungary,2007,7.21529293,27.01435471,5.143050194,2.8121,,,,,,
Hungary,2008,7.09688091,26.95135117,4.973589897,3.1049,,,,,,
Hungary,2009,7.2392807,26.26888084,4.958040237,3.0399,,,,,,
Hungary,2010,7.5076437,27.44554901,4.733019829,2.8896,,,,,,
Hungary,2011,7.52545595,28.24357224,4.569059849,2.9811,,,,,,
Hungary,2012,7.44883251,29.39691925,4.153429985,3.1062,,,,,,
Hungary,2013,7.24911928,28.38487625,4.197649956,3.2284,,,,,,
Hungary,2014,7.07047558,28.36090851,4.610660076,3.3443,5.4,99.09999847,1,92.47649121,,
Hungary,2015,6.88948917,27.48836517,4.498990059,3.1178,,,,,,
Hungary,2016,7.04818678,27.6894207,4.620490074,3.2313,,,,,,
Hungary,2017,6.79227543,27.01807976,4.619729996,3.3447,,,,,,
Hungary,2018,6.70007229,26.91471291,4.627309799,3.4075,,,,,,
Iceland,2000,8.95112514,19.42706871,6.431439877,3.4522,,,,,,
Iceland,2001,8.81703854,19.47368622,6.705920219,3.4995,,,,,,
Iceland,2002,9.48969269,18.56656265,7.298920155,3.6067,,,,,,
Iceland,2003,9.97767162,16.9775238,7.245079994,3.6354,,,,,,
Iceland,2004,9.46441174,17.43836784,7.161180019,3.6276,,,,,,
Iceland,2005,9.14713573,17.24506378,7.338439941,3.6339,,,,,,
Iceland,2006,8.82959843,16.60773849,7.195219994,3.6537,,,,,,
Iceland,2007,8.63206863,16.04090118,6.944330215,3.6894,,,,,,
Iceland,2008,8.58694077,15.96008492,7.036019802,3.7182,,,,,,
Iceland,2009,8.86763096,16.6221714,7.189849854,3.6761,,,,,,
Iceland,2010,8.53229141,18.1867466,6.944240093,3.5654,,,,,,
Iceland,2011,8.25131226,18.47118759,6.789979935,3.456,,,,,,
Iceland,2012,8.19516754,18.57059479,7.582230091,3.5074,,,,,,
Iceland,2013,8.22141075,18.25796509,7.448689938,3.5697,,,,,,
Iceland,2014,8.27935791,17.98097801,7.641409874,3.6306,,,,,,
Iceland,2015,8.13130188,17.63640404,7.457970142,3.7826,,,,,,
Iceland,2016,8.16513538,16.86918449,7.432199955,3.8892,,,,,,
Iceland,2017,8.3432579,16.44762802,7.583859921,3.9773,,,,,,
Iceland,2018,8.46930885,15.94566441,7.574059963,4.0778,,,,,,
India,2000,4.03493309,71.70202637,4.324790001,0.5258,,,,,,
India,2003,4.00848055,73.42475128,3.613409996,0.5627,,,,,,
India,2004,3.95739198,72.48266602,3.352540016,0.5717,,,,,,
India,2005,3.79116249,73.14936829,3.188750029,0.5758,,,,,,
India,2006,3.63477802,72.25708008,3.142849922,0.5852,,,,,,
India,2009,3.48537874,66.75775146,3.278249979,0.622,,,,,,
India,2010,3.27211905,65.18476868,3.377690077,0.6616,,,,,,
India,2011,3.24634194,62.22489929,3.79618001,0.7376,,,,,,
India,2012,3.32935309,63.00013733,3.867500067,0.6982,,,,,,
India,2013,3.74944162,69.07303619,3.844670057,0.7182,,,,,,
India,2016,3.51098323,63.20620346,3.450979948,0.759,,,,,,
Indonesia,2003,2.30133748,44.95776749,3.217999935,0.1339,,,,,,
Indonesia,2007,2.87617064,48.64442825,3.044250011,0.288,,,,,,
Indonesia,2009,2.68494344,48.09020615,3.525130033,0.1448,,,,,,
Indonesia,2010,2.96089983,56.98842239,2.81227994,0.1395,,,,,,
Indonesia,2012,2.9028666,53.16792297,3.407480001,0.3075,,,,,,
Indonesia,2013,2.96065068,49.32272339,3.359040022,0.3118,,,,,,
Indonesia,2015,2.99113512,41.38797379,3.583600044,0.2738,,,,,,
Indonesia,2017,2.86824059,36.01034546,2.669980049,0.3767,,,,,,
Indonesia,2018,2.87053037,34.85082245,1,0.4269,,,,,,
Iraq,2000,,,,,1,64.16950226,4.725031953,50.24093663,,
Iraq,2012,,,,,32.5,1,1.183884353,55.97190633,,
Iraq,2013,,,,,31.5,63.40000153,0.895616038,56.46053883,,
Iraq,2014,,,,,30.5,74.59999847,0.610295321,56.94658451,,
Iraq,2016,,,,,28.6,76.80000305,0.048493522,57.91293299,,
Iraq,2017,,,,,27.7,79.90000153,0.019919344,58.39519541,,
Ireland,2000,5.90528059,12.11709023,4.135890007,2.2304,,,,,,
Ireland,2001,6.39933586,10.64706802,4.090149879,2.3856,,,,,,
Ireland,2002,6.67451334,10.46707439,4.106140137,2.4166,,,,,,
Ireland,2003,7.00860691,13.14827919,4.206180096,2.5803,,,,,,
Ireland,2004,7.22511625,12.21867085,4.48499012,2.7454,,,,,,
Ireland,2005,7.64780617,13.55300426,4.520989895,3.5427,,,,,,
Ireland,2006,7.5133214,13.92956257,4.547470093,3.6638,,,,,,
Ireland,2007,7.80248547,11.57123661,4.713980198,3.8986,,,,,,
Ireland,2008,9.10202408,11.86308861,5.448490143,4.0144,,,,,,
Ireland,2009,10.48682594,12.70052814,6.146460056,4.0388,,,,,,
Ireland,2010,10.50265503,13.79563618,6.040140152,4.1326,,,,,,
Ireland,2011,10.70849514,13.90695858,5.854020119,4.0938,,,,,,
Ireland,2012,10.68722248,13.88725662,5.766119957,3.9423,,,,,,
Ireland,2013,10.30022049,14.27854633,5.335949898,3.9314,,,,,,
Ireland,2014,9.67580032,14.0328331,4.873139858,3.0292,,,,,,
Ireland,2015,7.31716299,13.21832657,3.758009911,3.1498,,,,,,
Ireland,2016,7.4142108,12.6695919,3.731739998,3.2323,,,,,,
Ireland,2017,7.15484905,12.58970451,3.468849897,3.2946,,,,,,
Ireland,2018,6.92870378,12.08332729,3.383090019,3.3125,,,,,,
Israel,2000,6.80195379,29.48983002,6.10131979,3.822,,,,,,
Israel,2001,7.22640753,30.33019829,6.362279892,3.8398,,,,,,
Israel,2002,7.1476779,27.84285927,6.451049805,3.851,,,,,,
Israel,2003,7.08944702,28.62854576,6.331369877,3.8513,,,,,,
Israel,2004,7.02626944,28.72549057,5.933420181,3.8126,,,,,,
Israel,2005,7.12387037,30.24324989,5.754449844,3.754,,,,,,
Israel,2006,6.91167355,25.72410393,5.755889893,3.6935,,,,,,
Israel,2007,6.88591146,26.66324425,5.498829842,3.6293,,,,,,
Israel,2008,6.96814823,25.34703064,5.529459953,3.5637,,,,,,
Israel,2009,7.06644821,25.41890717,5.493720055,3.543,,,,,,
Israel,2010,7.01676989,23.8116951,5.535250187,3.5191,,,,,,
Israel,2011,6.97842979,23.75934219,5.576580048,3.5177,,,,,,
Israel,2012,7.11489153,23.40835571,5.699969769,3.5075,,,,,,
Israel,2013,7.0793376,22.65417099,5.883749962,3.4866,,,,,,
Israel,2014,7.15390539,23.01003265,5.783510208,3.4669,,,,,,
Israel,2015,7.10652399,22.50102615,5.861249924,3.4618,,,,,,
Israel,2016,7.15261269,22.69334412,5.863269806,3.4632,,,,,,
Israel,2017,7.49766827,21.97258186,6.102729797,3.4783,,,,,,
Israel,2018,7.51703548,21.13713837,6.164899826,4.6249,,,,,,
Italy,2000,7.56665564,26.46448326,4.291079998,3.4586,,,,,,
Italy,2001,7.73760843,24.47650909,4.650090218,3.5129,5.3,98.0421524,1,94.98710866,,
Italy,2002,7.86693525,24.12543297,4.432409763,3.5584,,,,,,
Italy,2003,7.83297729,23.71894646,4.541790009,3.6149,,,,,,
Italy,2004,8.16549301,22.8326416,4.385200024,3.6809,,,,,,
Italy,2005,8.33931828,21.60582542,4.238299847,3.7017,,,,,,
Italy,2006,8.43673038,21.31744385,4.52545023,3.6985,,,,,,
Italy,2007,8.13610077,21.51615524,4.10503006,3.7751,,,,,,
Italy,2008,8.53282356,21.33932495,4.387949944,3.7806,,,,,,
Italy,2009,8.95162296,20.66364479,4.523719788,3.7898,,,,,,
Italy,2010,8.91602039,20.54892731,4.334119797,3.816,,,,,,
Italy,2011,8.77413177,22.02690315,4.115680218,3.8846,3.9,98.57956696,1,95.96806345,,
Italy,2012,8.78352833,22.0843029,4.056019783,3.8514,,,,,,
Italy,2013,8.77543831,22.22630501,4.143670082,3.9044,,,,,,
Italy,2014,8.86791897,22.53996468,4.061279774,3.9048,,,,,,
Italy,2015,8.85689163,23.46654129,4.073629856,3.8479,,,,,,
Italy,2016,8.72533035,23.32339859,3.815789938,3.9504,,,,,,
Italy,2017,8.6777401,23.80604744,4.044939995,3.9805,,,,,,
Italy,2018,8.66763401,23.54508972,4.255720139,3.9774,3.2,98.9719162,1,95.82368779,,
Jamaica,2003,4.22014093,34.57055664,4.256849766,0.8315,,,,,,
Jamaica,2008,5.61143064,30.17660332,6.191319942,0.3965,,,,,,
Jamaica,2012,4.88512135,21.75101471,6.112460136,0.354,,,,,,
Jamaica,2013,4.95499468,19.47788811,6.251080036,0.4677,,,,,,
Jamaica,2014,5.16615725,21.41138077,6.015860081,0.3798,,,,,,
Jamaica,2015,5.62562609,18.97229195,5.455210209,0.4147,,,,,,
Jamaica,2016,5.70750713,18.02610016,5.314610004,0.4549,,,,,,
Jamaica,2017,6.14377928,16.78887367,5.260169983,1.3061,,,,,,
Jordan,2003,,,,,24.7,84.71392059,0.212089624,53.72740546,,
Jordan,2005,,,,,23.3,87.0058136,0.186525569,53.65358079,,
Jordan,2007,,,,,1,88.90331268,0.148206817,57.84384275,,
Jordan,2010,8.38929749,21.85514641,3.099999905,2.2326,20.2,89.20774078,0.144240752,64.18461344,,
Jordan,2011,,,,,19.7,93.93345642,0.134962679,66.31093505,,
Jordan,2012,,,,,19.1,97.37200928,0.126928564,68.44270744,,
Jordan,2013,7.24769545,22.13348579,3.5,2.1947,,,,,,
Jordan,2016,7.2834053,30.62340927,3.452820063,1.3954,,,,,,
Jordan,2017,8.11925125,30.42742538,3.228539944,2.3237,,,,,,
Jordan,2018,,,,,16.1,97.83207703,0.107430174,81.37310016,,
Kazakhstan,2000,4.16031075,48.51059723,3.25661993,3.2804,,,,,,
Kazakhstan,2002,3.61480379,45.89502335,3.029700041,3.583,,,,,,
Kazakhstan,2004,3.98307776,41.03981018,2.25590992,3.5907,,,,,,
Kazakhstan,2005,3.90172386,34.4123497,2.263530016,3.6038,,,,,,
Kazakhstan,2006,3.39824891,31.08116722,2.626780033,3.6983,,,,,,
Kazakhstan,2007,2.70314837,32.7742424,2.831389904,3.6547,,,,,,
Kazakhstan,2008,3.04952645,24.47266579,2.589459896,3.7161,,,,,,
Kazakhstan,2009,3.49913764,22.9131546,3.060719967,3.7808,22.5,99.68428802,0.030731237,76.21740545,,
Kazakhstan,2010,2.73641396,27.2958374,3.462260008,3.9278,20.4,99.73899078,0.030663832,77.88132362,,
Kazakhstan,2011,2.60236669,24.59804726,3.493520021,3.9483,,,,,,
Kazakhstan,2012,3.03725982,27.82034302,3.901690006,3.9108,,,,,,
Kazakhstan,2013,2.66286755,25.9552784,3.437370062,3.9508,,,,,,
Kazakhstan,2014,2.97468424,23.80191422,3.421649933,3.98,,,,,,
Kazakhstan,2018,,,,,10.3,99.73899078,1,89.30981997,,
Kenya,2002,4.95862436,44.33084106,6.171999931,0.1335,,,,,,
Kenya,2010,6.11675072,30.17857361,5.508220196,0.1696,,,,,,
Kenya,2011,5.81170416,30.96613503,5.335289955,0.1748,,,,,,
Kenya,2012,5.61369753,31.60435486,5.509039879,0.1825,,,,,,
Kenya,2013,5.51942348,32.1320343,5.411379814,0.1907,,,,,,
Kenya,2014,5.45934105,29.22180367,5.280210018,0.1959,,,,,,
Kenya,2018,5.16729498,23.62028885,5.306250095,0.1565,,,,,,
Kuwait,2004,2.7573216,18.42650223,5.535069942,1.5,,,,,,
Kuwait,2005,2.37762237,18.18181801,4.738339901,1.8,11.4,91.04250336,1,1,,
Kuwait,2006,2.25313878,17.16867447,3.759979963,1.4543,11.2,90.82862854,1,1,,
Kuwait,2007,,,,,11.1,91.50348663,1,1,,
Kuwait,2008,,,,,10.9,91.77864838,1,1,,
Kuwait,2010,,,,,10.4,92.68093872,1,1,,
Kuwait,2012,,,,,9.6,94.96524811,1,1,,
Kuwait,2013,,,,,9.3,94.30116272,1,1,,
Kuwait,2015,4.01473618,14.37861347,4.771480083,2.6463,8.7,94.470047,1,1,,
Kuwait,2017,,,,,8.3,94.82576752,1,1,,
Kuwait,2018,,,,,8.1,94.905159,1,1,,
Latvia,2000,5.45028639,47.65911484,5.280640125,3.4116,14.2,99.70973206,1,92.54581787,,
Latvia,2001,5.78918362,48.85079193,5.454130173,3.2832,,,,,,
Latvia,2002,5.77924252,47.58166504,5.609499931,3.3959,,,,,,
Latvia,2003,5.49818659,48.56236267,5.066850185,3.4188,,,,,,
Latvia,2004,6.23694801,40.63125992,4.84540987,3.5486,,,,,,
Latvia,2006,5.7398572,35.59818268,4.696129799,3.0196,,,,,,
Latvia,2007,5.54140186,36.82770538,4.640679836,3.1464,,,,,,
Latvia,2008,5.61553001,37.30623245,5.381169796,3.2424,,,,,,
Latvia,2009,6.13475847,38.7826767,5.542300224,3.1485,,,,,,
Latvia,2010,6.13846397,37.18564987,5.057059765,3.0757,,,,,,
Latvia,2011,5.56752443,34.29675293,4.910699844,3.0837,7.3,99.90792084,1,94.00101379,,
Latvia,2012,5.41030407,37.82342529,6.546720028,3.0913,,,,,,
Latvia,2013,5.39593935,38.47148514,6.943649769,3.1408,,,,,,
Latvia,2014,5.4568367,39.10600662,5.283889771,3.1724,,,,,,
Latvia,2015,5.68592453,40.53730774,5.284939766,3.1656,,,,,,
Latvia,2016,6.20632744,43.44228363,4.659530163,3.1885,,,,,,
Latvia,2017,6.00696659,42.00598526,4.370299816,3.1905,,,,,,
Latvia,2018,,,,,3.9,99.90640259,1,95.77542511,,
Lebanon,2001,10.56954956,54.84231186,2.841480017,2.8827,,,,,,
Lebanon,2006,8.65032196,44.68946075,2.779759884,2.4707,,,,,,
Lebanon,2007,8.54391384,44.07956696,2.583570004,2.3464,12.2,85.96778107,0.087306101,45.52254034,,
Lebanon,2009,,,,,10.8,88.08705902,0.095062051,45.88974592,,
Lebanon,2010,7.4433217,43.58500671,1.613309979,2.3385,,,,,,
Lebanon,2011,8.1471138,40.18660736,1.652519941,2.6201,,,,,,
Lebanon,2013,7.57978058,32.86431885,2.432450056,2.2486,,,,,,
Lebanon,2014,7.84629583,33.83569717,1,2.0735,,,,,,
Lebanon,2015,7.67934227,33.17491913,2.099999905,2.103,,,,,,
Lebanon,2016,7.98103571,32.86078644,2.123929977,2.0115,,,,,,
Lebanon,2017,8.44765568,32.22737122,2.132940054,2.0255,,,,,,
Lebanon,2018,8.35297012,33.21875,2.524470091,2.1038,7.4,93.30500793,0.129963823,47.54217105,,
Lesotho,2000,,,,,106.8,92.04644775,47.34103063,8.849374952,,
Lesotho,2003,5.62080336,32.46588898,13.21957016,0.0441,,,,,,
Lesotho,2009,,,,,103.7,84.96395874,35.22992719,17.35063424,,
Lesotho,2014,,,,,94.2,84.93489075,29.0477398,22.45070704,,
Liberia,2008,7.44848108,57.20051575,1.701660037,0.0141,,,,,,
Liberia,2015,10.37773991,46.63038635,2.170830011,0.0376,,,,,,
Lithuania,2001,6.00597954,27.58539391,5.84758997,3.2914,10.3,99.64794159,1,67.53116491,,
Lithuania,2002,6.13646746,25.60276031,5.800079823,3.3067,,,,,,
Lithuania,2003,6.17941618,24.18149185,5.114180088,3.3104,,,,,,
Lithuania,2004,5.50604343,32.91969299,5.174280167,3.293,,,,,,
Lithuania,2005,5.64197302,32.77876663,4.878399849,3.2993,,,,,,
Lithuania,2006,5.83789873,31.85560608,4.825729847,3.4223,,,,,,
Lithuania,2007,5.75847721,28.40399361,4.595210075,3.4535,,,,,,
Lithuania,2008,6.28756523,28.17394638,4.839900017,3.453,,,,,,
Lithuania,2009,7.35553408,26.81707954,5.585239887,3.4323,,,,,,
Lithuania,2010,6.83376026,27.59107971,5.297860146,3.4144,,,,,,
Lithuania,2011,6.5051465,28.22128296,5.113430023,4.0238,5.6,99.83323669,1,84.87378303,,
Lithuania,2012,6.29071617,31.80083847,4.758029938,4.1384,,,,,,
Lithuania,2013,6.13548851,32.82087326,4.602330208,4.2042,,,,,,
Lithuania,2014,6.19952059,31.49276161,4.486579895,4.2507,,,,,,
Lithuania,2015,6.49459124,31.83712006,4.227190018,4.2993,,,,,,
Lithuania,2016,6.63686323,32.31704712,4.004310131,4.7346,,,,,,
Lithuania,2017,6.47619867,32.58964539,3.812200069,4.8257,,,,,,
Lithuania,2018,6.56775236,31.6426506,3.894959927,6.3528,,,,,,
Luxembourg,2001,6.410923,13.6576767,3.555799961,2.5,,,,,,
Luxembourg,2012,5.58377266,11.48753071,4.090410233,2.8047,,,,,,
Luxembourg,2014,5.43687868,11.10842419,4.007890224,2.8891,,,,,,
Luxembourg,2015,5.28378248,10.75223732,3.918200016,2.9222,,,,,,
Luxembourg,2017,5.25779152,10.69308758,3.569590092,3.009,,,,,,
Madagascar,2000,,,,,106.5,65.27857208,39.11216206,6.70175318,,
Madagascar,2001,5.57643795,32.20886993,2.70720005,0.087,,,,,,
Madagascar,2002,5.76798916,34.68022156,2.231790066,0.1362,,,,,,
Madagascar,2003,5.51154327,36.21343613,2.610949993,0.1476,,,,,,
Madagascar,2004,6.13453531,30.95779991,2.812619925,0.1562,,,,,,
Madagascar,2005,6.00515699,32.61689377,3.309639931,0.1801,84.4,54.75429916,40.29304384,9.859758114,,
Madagascar,2006,5.88660622,31.62727737,2.830970049,0.1705,,,,,,
Madagascar,2007,5.20624304,33.34122849,2.902740002,0.1813,,,,,,
Madagascar,2008,4.71599674,37.27431107,2.554339886,0.186,,,,,,
Madagascar,2009,5.01293182,37.70581055,2.825129986,0.1813,71.1,61.64141083,40.89283622,12.94843729,,
Madagascar,2010,5.32034874,36.49951172,2.75,0.1953,,,,,,
Madagascar,2011,5.18553019,28.48252869,2.381680012,0.144,,,,,,
Madagascar,2012,4.4098258,32.51428223,2.340670109,0.1427,63.7,68.28330231,41.31858823,15.48769412,,
Madagascar,2013,4.22997093,33.72587204,1.776939988,0.1534,,,,,,
Madagascar,2014,5.08265734,26.98174477,2.381230116,0.1812,,,,,,
Madagascar,2018,,,,,52.3,75.07057953,42.12066416,19.18138913,,
Malawi,2003,4.67483664,12.0708971,3.215660095,0.011,,,,,,
Malawi,2010,7.24141073,10.92772293,3.539799929,0.019,,,,,,
Malawi,2016,9.69365978,11.36831951,4.748569965,0.0165,,,,,,
Malawi,2018,9.33423615,11.18967342,3.381939888,0.0358,,,,,,
Malaysia,2000,2.52807355,41.01725388,5.971610069,0.6961,10.2,85.35421753,1.605168748,92.57730056,,
Malaysia,2002,2.68479466,35.03468704,7.657929897,0.7031,,,,,,
Malaysia,2008,3.02357388,35.89097977,3.958519936,0.9216,,,,,,
Malaysia,2010,3.18466234,34.52879333,4.966450214,1.1691,8.1,90.74768066,0.54671473,93.31696346,,
Malaysia,2011,3.33996487,34.51544189,5.76293993,1.2777,,,,,,
Malaysia,2012,3.48790693,33.61474991,5.739029884,1.332,,,,,,
Malaysia,2015,3.81608534,33.34957123,4.894869804,1.5358,,,,,,
Malaysia,2016,,,,,8.2,93.36942291,0.283015011,93.62527158,,
Maldives,2004,7.48356962,59.50085068,4.661600113,0.9701,,,,,,
Maldives,2007,8.30568123,47.22499084,4.417880058,1.6468,,,,,,
Maldives,2009,10.0928812,34.3166008,5.081689835,1.4884,,,,,,
Maldives,2010,8.48759079,40.07978439,3.633280039,1.4356,,,,,,
Maldives,2014,7.90784121,28.1368351,3.088589907,1.7701,,,,,,
Maldives,2015,8.6903019,19.53098488,3.887490034,2.8863,,,,,,
Maldives,2016,10.19969177,18.97980499,3.68701005,1.0379,,,,,,
Maldives,2017,9.02997589,20.64699745,3.887470007,3.7228,,,,,,
Maldives,2018,9.41152477,20.62516403,3.912489891,4.5627,,,,,,
Mali,2000,5.4667201,68.81203461,2.971560001,0.044,,,,,,
Mali,2004,5.21853399,55.60396957,3.859220028,0.0851,,,,,,
Mali,2008,5.04541206,63.20338821,3.403559923,0.049,,,,,,
Mali,2009,5.22911119,61.80735397,3.869040012,0.0923,,,,,,
Mali,2010,4.67923403,56.2592392,3.343889952,0.1021,,,,,,
Mali,2011,4.01573372,49.99145889,3.754230022,0.1037,,,,,,
Mali,2012,3.75211573,44.74436951,3.479490042,0.1071,,,,,,
Mali,2016,3.7753799,35.75055695,3.094779968,0.1395,,,,,,
Mali,2018,3.8849268,33.89597702,3.882529974,0.1286,,,,,,
Malta,2002,7.71259499,28.73563194,4.143050194,3.2656,,,,,,
Malta,2005,,,,,6.8,93.50424957,1,100.0000033,,
Malta,2007,8.21537113,31.07822609,5.947500229,3.351,,,,,,
Malta,2008,7.96253681,32.99180222,5.501210213,3.3553,,,,,,
Malta,2009,8.08001804,32.45967484,5.070390224,1.9169,,,,,,
Malta,2010,8.21274376,33.02582932,6.250040054,2.153,,,,,,
Malta,2011,8.56064224,33.16239548,7.696129799,2.2384,6.8,94.79003906,1,1,,
Malta,2012,8.608181,32.09076309,6.345459938,2.3566,,,,,,
Malta,2013,8.8266449,30.22222137,7.579239845,2.4595,,,,,,
Malta,2014,9.34200478,36.45832443,7.004209995,2.6592,,,,,,
Malta,2015,9.20896149,37.19658661,5.023980141,2.8598,,,,,,
Malta,2018,,,,,7.1,95.98872375,1,99.99999913,,
Mauritania,2004,4.78011036,70.47393036,1.950799942,0.1065,,,,,,
Mauritania,2013,3.67313361,50.20851898,2.293540001,0.068,,,,,,
Mauritius,2004,3.36119127,43.42286682,4.31306982,1.0718,,,,,,
Mauritius,2007,3.57065129,55.80852127,3.185400009,1.1549,,,,,,
Mauritius,2008,3.99199653,61.84154892,3.063070059,1.17,,,,,,
Mauritius,2009,4.2265029,58.37333679,3.047310114,1.1857,,,,,,
Mauritius,2010,4.57982111,52.31685638,3.551470041,1.2019,,,,,,
Mauritius,2011,4.3078289,53.0715332,3.332070112,1.4467,,,,,,
Mauritius,2012,4.27675056,51.61318207,3.418200016,1.3738,,,,,,
Mauritius,2013,4.68303633,53.18034744,3.61578989,1.6296,,,,,,
Mauritius,2014,5.49399614,50.18024445,4.916950226,1.9318,,,,,,
Mauritius,2015,5.6999588,49.57672501,4.886670113,2.0246,,,,,,
Mauritius,2016,5.70678568,48.16077805,5.013599873,2.1943,,,,,,
Mauritius,2017,5.71669579,48.9111824,5.02312994,2.3147,,,,,,
Mauritius,2018,5.82624388,48.53819656,4.834589958,2.5331,,,,,,
Mexico,2000,4.44912481,52.22364044,3.992439985,1.9808,28.2,88.68203735,9.508084306,39.30313174,,
Mexico,2001,4.8203578,53.42838669,4.24104023,1.5,,,,,,
Mexico,2002,5.0716424,54.35933304,4.454959869,1.5,25.8,88.72863007,8.446025292,39.73245707,,
Mexico,2003,5.81486464,55.66365051,5.072579861,1.5,,,,,,
Mexico,2004,5.9539032,53.69269943,4.726709843,2.893,23.7,89.63101959,7.414562202,40.15272989,,
Mexico,2005,5.83612156,54.58955002,4.845689774,1.7651,22.8,90.21041107,6.910224385,40.35948897,,
Mexico,2006,5.65525532,53.76395035,4.699920177,1.881,1,89.8345108,6.413280454,40.5640574,,
Mexico,2007,5.76644516,52.49715424,4.690509796,1.9215,21.2,91.35555267,5.923779375,40.76641554,,
Mexico,2008,5.69886971,48.59585571,4.82006979,1.9494,20.5,91.45361328,5.441312933,40.96669575,,
Mexico,2009,6.12978458,47.35383987,5.187940121,1.979,19.8,92.11624908,4.966066408,41.16482643,,
Mexico,2010,5.97513008,45.66922379,5.159220219,2.2362,19.1,91.85341644,4.497791888,41.36089371,,
Mexico,2011,5.70114136,42.72873306,5.105649948,2.1004,18.5,92.33827972,4.035972895,41.55507773,,
Mexico,2012,5.84224558,42.60287476,5.103099823,2.1118,17.9,93.17923737,3.58092129,41.74726437,,
Mexico,2013,5.9407773,41.30863571,4.696050167,2.1568,17.3,92.90393829,3.132406947,41.93753836,,
Mexico,2014,5.63038635,39.96512985,5.257470131,2.207,16.7,93.59133911,2.69042959,42.12589627,,
Mexico,2015,5.79708719,40.4012146,5.229420185,2.3246,16.2,93.48549652,2.255108509,42.31228861,,
Mexico,2016,5.61569786,40.51521301,4.90681982,2.3244,15.7,93.96852112,1.826280678,42.49678317,,
Mexico,2017,5.51889515,41.2832756,4.518219948,2.3827,15.2,94.16575623,1.404019929,42.67933349,,
Mexico,2018,,,,,14.7,94.60804749,0.988233853,42.84912192,,
Moldova,2000,4.93830538,47.17256927,4.486390114,2.4553,31.4,95.49230194,1,40.39732235,,
Moldova,2001,5.19482327,51.94122696,4.846849918,2.2925,,,,,,
Moldova,2002,6.1694479,46.51903915,5.497910023,2.3103,,,,,,
Moldova,2003,5.85097837,48.30680466,5.424890041,2.2824,,,,,,
Moldova,2004,7.47486877,38.17024994,6.771039963,2.1814,,,,,,
Moldova,2005,7.96396065,42.76385117,7.162700176,2.3783,,,,,,
Moldova,2006,8.78570271,46.45158386,7.498990059,2.3768,,,,,,
Moldova,2007,9.18260098,45.09947968,8.293370247,2.3871,,,,,,
Moldova,2008,9.1230526,48.42182159,8.237270355,2.3545,,,,,,
Moldova,2009,11.39545822,45.5789299,9.509759903,2.3912,,,,,,
Moldova,2010,10.13112831,40.43186188,7.592299938,2.3808,,,,,,
Moldova,2011,9.09670353,44.79644775,7.136380196,2.4142,,,,,,
Moldova,2012,9.13962078,42.21784973,6.983389854,2.4135,,,,,,
Moldova,2013,8.68300343,42.57612991,5.909759998,2.5028,,,,,,
Moldova,2014,8.63275719,38.34880447,6.266019821,2.4746,15.9,99.14041901,0.134176007,72.1966772,,
Moldova,2015,8.55763531,46.18740845,5.805689812,2.4836,,,,,,
Moldova,2017,7.01328516,43.63447952,5.618440151,3.2066,,,,,,
Monaco,2011,2.17861032,5.69877243,1.589890003,6.4167,,,,,,
Monaco,2012,2.23461652,5.52930832,1.780040026,6.4384,,,,,,
Monaco,2013,2.14969468,5.7390027,1.334400058,7.7778,,,,,,
Monaco,2014,2.08679175,5.87671995,1.021950006,7.5067,,,,,,
Mongolia,2000,,,,,65.5,97.52880096,17.77136779,20.60161785,,
Mongolia,2002,4.43462038,22.22118568,7.210780144,2.7553,,,,,,
Mongolia,2009,4.45980072,22.75947571,5.144849777,2.6704,,,,,,
Mongolia,2010,3.73945689,28.05504799,4.645100117,2.7564,30.2,98.33663177,11.23387774,26.62763413,,
Mongolia,2011,3.58612084,32.00389862,4.60902977,2.8671,,,,,,
Mongolia,2012,3.85493326,31.53440094,5.19520998,3.0435,,,,,,
Mongolia,2013,4.06732321,37.30021286,4.940770149,3.0922,,,,,,
Mongolia,2014,4.19000292,34.84043503,4.714849949,3.1632,,,,,,
Mongolia,2015,4.23834133,35.91595459,4.176990032,3.2194,,,,,,
Mongolia,2016,4.42355728,31.95731354,5.18061018,2.8592,,,,,,
Mongolia,2018,,,,,16.5,98.64888763,8.97086681,29.33149621,,
Montenegro,2011,,,,,5.8,97.50051117,0.130836387,84.3532946,,
Montenegro,2018,,,,,2.5,98.27134705,0.04848152,84.95357224,,
Morocco,2004,,,,,41.4,39.61956024,19.20475064,57.31580854,,
Morocco,2008,,,,,34.7,42.58784866,14.28548964,61.25320765,,
Morocco,2009,5.8412447,53.24248505,5.260640144,0.6477,33.2,43.92108154,13.1021306,62.21237602,,
Morocco,2011,,,,,30.4,57.63999176,10.80933731,65.93168151,,
Morocco,2012,,,,,1,59.13063812,9.700214765,67.45534086,,
Morocco,2014,,,,,26.5,53.31092072,7.555940621,70.53375808,,
Morocco,2018,,,,,22.2,64.59137726,3.558353568,76.79333996,,
Mozambique,2004,4.15233994,15.60630608,3.326699972,0.0258,,,,,,
Mozambique,2006,4.59433174,12.74688721,3.871469975,0.026,,,,,,
Mozambique,2010,5.83412266,7.25093985,5.952929974,0.0487,,,,,,
Mozambique,2011,5.40332603,6.81429291,6.260409832,0.0524,,,,,,
Mozambique,2012,5.61947441,5.5548296,5.672160149,0.0546,,,,,,
Mozambique,2013,6.50048494,8.00486469,6.115330219,0.0568,,,,,,
Mozambique,2015,7.23973656,11.2614851,6.010829926,0.0408,,,,,,
Mozambique,2016,7.84588909,10.90678978,5.865039825,0.0497,,,,,,
Mozambique,2017,8.14048672,9.93318844,5.505559921,0.0761,,,,,,
Mozambique,2018,8.17430115,9.69153214,5.452189922,0.0838,,,,,,
Myanmar,2000,,,,,1,86.41517639,10.11187196,27.11400694,,
Myanmar,2010,1.87254584,80.74465942,0.899999976,0.5224,,,,,,
Myanmar,2011,1.91946495,77.27888489,0.787440002,0.5506,,,,,,
Myanmar,2012,2.43835998,76.7002182,1.600000024,0.5802,,,,,,
Myanmar,2016,5.11008072,76.67272949,1.899999976,0.6195,49.9,71.84699249,7.622113349,52.8181847,,
Myanmar,2017,5.09039927,75.68733215,2.087680101,0.8638,,,,,,
Myanmar,2018,4.79125547,76.44635773,1.922889948,0.677,,,,,,
Namibia,2010,9.72611046,9.27795219,8.243300438,0.374,,,,,,
Namibia,2017,8.28922272,7.79463291,9.759980202,0.5914,,,,,,
Namibia,2018,7.95077181,8.42911339,8.988050461,0.4182,,,,,,
Nepal,2001,4.34851074,51.26501846,3.708379984,0.052,76.5,34.88676071,65.9577588,27.10581516,,
Nepal,2004,4.61542797,51.60284805,3.171940088,0.2118,,,,,,
Nepal,2011,,,,,44.2,48.83758926,35.70224986,29.51620372,,
Nepal,2012,5.1700902,56.07543182,3.29008007,0.5159,,,,,,
Nepal,2013,5.32473755,63.53343582,3.018110037,0.564,,,,,,
Nepal,2014,5.76784754,60.04753876,3.47213006,0.5951,,,,,,
Nepal,2017,5.48825455,57.78610611,4.76722002,0.9101,,,,,,
Nepal,2018,5.84083414,50.79715729,4.43445015,0.7486,31.9,59.72443008,15.41523327,20.75864185,,
Netherlands,2000,7.7069602,11.0316906,4.585120201,2.4427,,,,,,
Netherlands,2001,8.05945873,10.46682262,4.699649811,2.5193,,,,,,
Netherlands,2002,8.64913177,9.81220055,4.805900097,2.5815,,,,,,
Netherlands,2003,9.05657005,9.60532284,5.040420055,2.62,,,,,,
Netherlands,2004,9.1107645,9.9601841,5.062970161,2.6469,,,,,,
Netherlands,2005,9.09666824,9.88585567,5.109399796,2.6997,,,,,,
Netherlands,2006,9.08055115,8.32705307,5.044020176,2.7791,,,,,,
Netherlands,2007,9.05292511,7.88896227,4.886829853,2.7724,,,,,,
Netherlands,2008,9.27660465,9.92371559,5.029049873,2.849,,,,,,
Netherlands,2009,9.9929266,9.06950665,5.43156004,2.9057,,,,,,
Netherlands,2010,10.15508747,9.0956707,5.489089966,2.9516,,,,,,
Netherlands,2011,10.23357868,9.48238277,5.463039875,3.1243,,,,,,
Netherlands,2012,10.53898716,10.09067631,5.410220146,3.2463,,,,,,
Netherlands,2013,10.58363628,11.53488541,5.52655983,3.3058,,,,,,
Netherlands,2014,10.56703758,11.58756542,5.458899975,3.3468,,,,,,
Netherlands,2015,10.32396889,11.28639412,5.34815979,3.4917,,,,,,
Netherlands,2016,10.2534523,11.29438686,5.479599953,3.547,,,,,,
Netherlands,2017,10.05979824,11.04961205,5.17509985,3.6054,,,,,,
Nicaragua,2001,,,,,36.4,76.60166168,15.18056447,47.94999232,,
Nicaragua,2003,6.08317614,38.6891098,2.422009945,0.3864,,,,,,
Nicaragua,2005,,,,,29.9,77.91603851,12.93960549,48.35869699,,
Nicaragua,2010,7.71019173,37.48913193,4.484220028,0.7278,,,,,,
Nicaragua,2014,7.97716141,35.33010483,4.0832901,0.8946,,,,,,
Nicaragua,2015,7.96303225,35.39279175,4.078430176,0.9312,19.4,82.77935028,7.445650444,55.16754537,,
Nicaragua,2016,8.04877567,35.0157547,4.081140041,0.9537,,,,,,
Nicaragua,2017,8.31693268,33.88676453,4.357689857,0.9895,,,,,,
Nicaragua,2018,8.56453705,32.90708542,3.562550068,0.9775,,,,,,
Niger,2002,7.33611679,62.58393478,2.401340008,0.033,,,,,,
Niger,2008,7.39009905,54.17112732,2.723119974,0.0189,,,,,,
Niger,2009,7.94228983,56.54988861,3.335880041,0.0277,,,,,,
Niger,2010,6.86888981,55.88914108,2.721950054,0.019,,,,,,
Niger,2013,5.94302082,56.54368591,3.689529896,0.0511,,,,,,
Niger,2014,5.85134125,54.67354202,5.103680134,0.0272,,,,,,
Niger,2015,7.13803673,51.68564987,4.485899925,0.0472,,,,,,
Niger,2016,6.16463852,58.51040649,2.970959902,0.0433,,,,,,
Nigeria,2003,,,,,166.4,43.32204819,25.34125296,15.03447816,,
Nigeria,2006,,,,,150.6,64.25449371,24.18416347,16.30025529,,
Nigeria,2008,,,,,142.2,41.38676071,23.40012045,17.12444944,,
Nigeria,2018,,,,,1,52.65647888,19.44317572,20.96197137,,
North Macedonia,2002,8.97826958,42.5700264,3.300149918,2.2319,14.5,94.05606842,0.404023108,80.41186052,,
North Macedonia,2014,,,,,12.5,96.69999695,0.236953146,80.33565939,,
Norway,2000,7.71215487,17.94157219,6.467269897,2.9,,,,,,
Norway,2001,8.02202415,16.9568634,6.830629826,1,,,,,,
Norway,2002,9.00061893,16.82538414,7.437290192,2.0548,,,,,,
Norway,2003,9.21471977,16.59880066,7.416359901,2.1015,,,,,,
Norway,2004,8.82115746,16.76214218,7.298270226,2.2115,,,,,,
Norway,2005,8.32839584,16.71413231,6.865069866,2.296,,,,,,
Norway,2006,7.91272211,16.45254898,6.382760048,2.3597,,,,,,
Norway,2007,8.05085373,16.07217407,6.534399986,2.4069,,,,,,
Norway,2008,7.96075296,15.65692139,6.285220146,2.4077,,,,,,
Norway,2009,9.07431507,15.25448418,7.10337019,2.4756,,,,,,
Norway,2010,8.90553188,15.0464716,6.746339798,2.4949,,,,,,
Norway,2011,8.78868103,15.20982647,6.454520226,2.5441,,,,,,
Norway,2012,8.77787876,14.80008221,7.374700069,2.5532,,,,,,
Norway,2013,8.92953396,14.59419537,7.485350132,2.5991,,,,,,
Norway,2014,9.34493351,14.37853241,7.695040226,2.6832,,,,,,
Norway,2015,10.13146877,14.14276981,7.569330215,2.6474,,,,,,
Norway,2016,10.59129524,14.27099895,8.030550003,2.6983,,,,,,
Norway,2017,10.31589031,14.51192474,7.911980152,2.8342,,,,,,
Norway,2018,10.0493927,14.31417942,7.644110203,2.9164,,,,,,
Oman,2000,3.06354713,11.74951744,3.200239897,1.4365,,,,,,
Oman,2002,3.18044019,10.14918995,4.325069904,1.257,,,,,,
Oman,2003,,,,,13.8,73.53170776,3.820892856,83.88459617,,
Oman,2004,2.97564673,11.15068245,4.02835989,1.5829,,,,,,
Oman,2005,2.5871408,10.54691792,3.517210007,1.6653,,,,,,
Oman,2006,2.31092191,11.47766304,3.859339952,1.7743,,,,,,
Oman,2009,2.8300879,11.49723816,4.187739849,1.9341,,,,,,
Oman,2008,,,,,1,80.87226105,2.3066749,85.40998427,,
Oman,2010,,,,,11.7,81.80323029,1.444191124,86.11466113,,
Oman,2013,2.79134297,7.14166403,4.98458004,2.0381,,,,,,
Oman,2014,,,,,11.2,88.92669678,1,88.09871744,,
Oman,2015,,,,,11.2,86.03720856,1,88.57535727,,
Oman,2016,,,,,11.3,90.94416046,1,89.03638565,,
Oman,2017,3.97352886,7.12504244,5.840189934,1.9572,11.3,92.2256012,1,89.47486537,,
Oman,2018,4.13171434,5.98915243,5.207230091,2.0031,11.4,92.69399261,1,89.89309835,,
Pakistan,2000,2.88552141,61.5338974,1.837820053,0.6451,,,,,,
Pakistan,2004,2.34722686,65.99907684,1.767590046,0.7423,,,,,,
Pakistan,2005,2.70793581,71.02490234,2.049720049,0.7882,96.1,35.36751938,30.37402719,37.71324258,,
Pakistan,2006,,,,,94.4,39.61323166,28.78047367,37.57558911,,
Pakistan,2007,3.13823009,72.43493652,2.635270119,0.7619,92.7,38.45775986,27.19422341,37.43503167,,
Pakistan,2008,2.92312145,73.10253906,2.746229887,0.7806,90.9,40.08118057,25.61568447,37.29140151,,
Pakistan,2009,2.61331248,72.33998871,2.59078002,0.7951,89.1,40.31462097,24.04485241,37.14470037,,
Pakistan,2010,2.5967586,70.39242554,2.286870003,0.8076,87.1,41.01552963,22.48142121,36.9950616,,
Pakistan,2011,2.34442639,67.14212036,2.221750021,0.8311,1,41.97539139,20.92544848,36.8424667,,
Pakistan,2012,2.35939932,64.19360352,2.13628006,0.859,82.9,43.07189178,19.37698998,36.68689376,,
Pakistan,2013,2.60280204,65.16564941,2.493439913,0.8771,80.6,41.97494125,17.8366043,36.52810071,,
Pakistan,2014,2.72200847,66.52488708,2.465929985,0.8972,78.3,44.28342056,16.30377201,36.36631784,,
Pakistan,2015,2.68711925,66.17926025,2.650019884,0.9262,,,,,,
Pakistan,2016,2.85510206,63.12653351,3.002919912,0.962,,,,,,
Pakistan,2017,2.90229368,60.23687744,2.89951992,1.0005,71.6,46.46767044,11.75133632,35.86274126,,
Pakistan,2018,,,,,69.4,45.39839935,10.24708919,35.68978668,,
Panama,2000,6.9129467,27.43955803,4.759689808,1.502,,,,,,
Panama,2001,6.8341074,28.54668808,4.105879784,1.2439,,,,,,
Panama,2002,6.96316957,29.21261787,4.1916399,1.3346,,,,,,
Panama,2003,6.61838865,29.64668846,4.168700218,1.3403,,,,,,
Panama,2004,6.99114799,28.97714996,3.578660011,1.3216,,,,,,
Panama,2008,6.84644938,28.2327137,3.50229001,1.3808,,,,,,
Panama,2011,6.59314489,30.51382256,3.159009933,1.4976,,,,,,
Panama,2013,6.65125561,32.31429291,3.400000095,1.5821,,,,,,
Panama,2016,7.31549644,28.14316177,2.846080065,1.5687,,,,,,
Paraguay,2000,5.50297928,44.3269043,4.230209827,1.17,,,,,,
Paraguay,2002,4.19174957,50.14151382,3.407730103,1.1488,,,,,,
Paraguay,2007,,,,,28.4,93.45326996,0.78373412,55.81164171,,
Paraguay,2008,,,,,27.6,92.49443054,0.769585682,56.64388234,,
Paraguay,2009,,,,,26.8,93.14401245,0.755547927,57.46853869,,
Paraguay,2010,,,,,1,92.9257431,0.74162036,58.28564497,,
Paraguay,2012,,,,,24.4,93.58785248,0.714087819,59.8976129,,
Paraguay,2013,,,,,23.6,94.46626282,0.700671419,60.68415441,,
Paraguay,2014,,,,,22.9,94.21479797,0.687422417,61.46096945,,
Paraguay,2015,,,,,22.2,94.87442017,0.674267511,62.23136018,,
Paraguay,2016,,,,,21.5,93.83505249,0.661200758,62.99559257,,
Paraguay,2017,6.65456867,44.17625427,3.08968997,0.2399,,,,,,
Paraguay,2018,6.65451145,45.32640457,3.283200026,1.3544,20.1,93.53170776,0.635295873,63.95578552,,
Peru,2004,,,,,28.6,82.06262207,15.25929616,46.52303997,,
Peru,2005,,,,,26.8,82.45436859,14.46934068,46.89492675,,
Peru,2006,,,,,25.1,83.45487213,13.69279238,47.26354115,,
Peru,2007,4.40380144,42.75736618,2.629400015,1.6648,23.6,84.6468811,12.93014735,47.62810079,,
Peru,2009,4.95060587,40.48435211,3.139940023,0.9472,,,,,,
Peru,2010,4.7206192,39.47050095,2.867300034,0.92,,,,,,
Peru,2012,4.75655174,38.73193741,2.92276001,1.1411,1,90.66883087,9.516437255,49.0631062,,
Peru,2014,,,,,16.4,90.4491806,8.202034981,49.61757585,,
Peru,2015,,,,,15.7,91.24652863,7.553732146,49.89316912,,
Peru,2016,5.06576538,28.87886429,3.813169956,1.3048,1,91.18852997,6.911632158,50.16703266,,
Peru,2017,,,,,14.3,91.27012634,6.275481854,50.43955682,,
Peru,2018,,,,,13.7,91.70310974,5.644225707,50.71340601,,
Philippines,2000,3.15481424,41.19496918,3.164400101,1.2185,37.7,92.65490723,11.02853988,36.27381467,,
Philippines,2001,2.94705772,44.61747742,2.92463994,1.2201,,,,,,
Philippines,2002,2.7333045,47.76663971,2.89222002,1.1107,,,,,,
Philippines,2003,3.19143724,47.70053482,2.935179949,1.2256,35.6,93.56452942,10.29606032,40.53432903,,
Philippines,2004,3.16792512,47.77957916,2.469830036,1.108,,,,,,
Philippines,2005,3.90041852,52.10651016,2.328069925,1.2289,,,,,,
Philippines,2006,3.94585061,54.03546143,2.425790071,1.2361,,,,,,
Philippines,2007,3.91954136,55.9674263,2.485179901,1.2441,,,,,,
Philippines,2008,4.02792263,57.44992065,2.582829952,1.2558,32.6,95.82563019,8.431003104,44.95739658,,
Philippines,2009,4.35353184,55.57598877,2.537770033,1.2632,,,,,,
Philippines,2010,4.31276274,54.84585571,2.309999943,1.2717,,,,,,
Philippines,2013,,,,,30.6,96.78736115,6.49654752,45.90608984,,
Philippines,2015,,,,,29.8,98.24175262,5.716699768,46.34027725,,
Philippines,2017,4.4460597,53.04578018,4.400000095,0.6004,,,,,,
Poland,2000,5.29816675,31.3272171,4.983930111,2.2053,,,,,,
Poland,2001,5.6786437,29.19262886,5.319029808,2.2504,,,,,,
Poland,2002,6.07919645,26.66282272,5.387350082,2.2882,,,,,,
Poland,2003,5.96231365,28.05083656,5.32449007,2.4188,,,,,,
Poland,2004,5.8686347,29.79473114,5.355579853,2.2771,,,,,,
Poland,2005,5.80728388,28.04986191,5.425749779,2.1267,,,,,,
Poland,2006,5.8007226,27.31521225,5.207650185,2.1671,,,,,,
Poland,2007,5.87294197,26.67068291,4.868740082,2.1776,,,,,,
Poland,2008,6.37348223,24.43300247,5.042399883,2.1482,,,,,,
Poland,2009,6.58686304,24.51955605,4.989769936,2.1593,,,,,,
Poland,2010,6.4190917,23.8652668,5.063020229,2.1707,,,,,,
Poland,2011,6.23382092,23.96363258,4.824969769,2.1997,,,,,,
Poland,2012,6.20108318,24.27406502,4.829549789,2.2242,,,,,,
Poland,2013,6.3754797,23.80160332,4.970620155,2.234,,,,,,
Poland,2014,6.35254002,23.01104355,4.935540199,2.302,,,,,,
Poland,2015,6.39785814,23.31281471,4.809939861,2.3252,,,,,,
Poland,2016,6.54295063,23.0804615,4.633399963,2.4146,,,,,,
Poland,2017,6.56172848,23.05681801,4.558460236,2.3788,,,,,,
Portugal,2000,8.37818336,24.98234558,5.163849831,3.2026,,,,,,
Portugal,2001,8.40724277,24.4539299,5.33713007,3.2618,,,,,,
Portugal,2002,8.56267643,22.57083321,5.258719921,3.2996,,,,,,
Portugal,2003,8.90702629,23.23773956,5.281529903,3.3497,,,,,,
Portugal,2004,9.3029995,23.03217125,5.046380043,3.4206,,,,,,
Portugal,2005,9.43935204,23.30962753,5.073949814,3.4999,,,,,,
Portugal,2006,9.1355257,25.13370514,4.907670021,3.5654,,,,,,
Portugal,2007,9.06500053,25.67016411,4.921470165,3.6483,,,,,,
Portugal,2008,9.34049129,25.81911469,4.696090221,3.7405,,,,,,
Portugal,2009,9.88073826,24.60934448,5.563149929,3.8479,,,,,,
Portugal,2010,9.83691692,24.55546951,5.412489891,3.9756,,,,,,
Portugal,2011,9.53497028,26.29905701,5.123330116,4.1178,3.7,92.86077118,1,94.97042706,,
Portugal,2012,9.35394287,28.17573166,4.949409962,4.2361,,,,,,
Portugal,2013,9.07765675,26.96569061,5.270969868,4.3932,,,,,,
Portugal,2014,9.02365017,27.69958115,5.124000072,4.5567,,,,,,
Portugal,2015,8.97663212,27.72779083,4.885540009,4.7487,,,,,,
Portugal,2017,9.33004951,29.86111069,5.015610218,5.124,,,,,,
Portugal,2018,,,,,3.7,95.0725174,1,95.3642213,,
Qatar,2001,2.31433153,27.41547585,3.200190067,2.217,,,,,,
Qatar,2004,,,,,10.8,86.71118164,1,96.6,,
Qatar,2005,2.56908822,18.61186028,3.971879959,2.4844,,,,,,
Qatar,2007,,,,,9.8,90.43611908,1,96.6,,
Qatar,2008,1.60012186,18.78091812,4.22755003,3.2087,9.6,89.13771057,1,96.6,,
Qatar,2009,2.14952278,19.3805542,3.413150072,3.0975,9.3,90.15306854,1,96.6,,
Qatar,2010,1.78923905,18.72622299,4.539659977,3.7273,9.1,91.89582062,1,96.6,,
Qatar,2011,,,,,8.9,90.24652863,1,96.54039807,,
Qatar,2012,,,,,8.7,90.8117218,1,96.48079613,,
Qatar,2013,,,,,8.4,91.72962952,1,96.4211942,,
Qatar,2014,2.43456411,6.11592197,3.605350018,1.7351,8.1,92.45240021,1,96.36159227,,
Qatar,2016,,,,,7.5,94.20703888,1,96.2423884,,
Qatar,2017,2.72160077,8.52918816,2.967459917,0.0008,7.1,94.7115097,1,96.18278647,,
Romania,2000,4.20876122,19.41972351,2.868629932,1.9531,,,,,,
Romania,2001,4.37598133,18.94091988,3.266289949,1.9816,,,,,,
Romania,2002,4.57694626,17.83514595,3.504129887,2.096,20.2,96.26631927,1,81.58862135,,
Romania,2003,5.37136745,15.12717628,3.543970108,1.905,,,,,,
Romania,2004,5.47733545,24.32698631,3.312730074,2.2314,,,,,,
Romania,2005,5.52778149,18.49897003,3.500390053,2.2126,,,,,,
Romania,2006,5.07106066,19.99056435,4.306509972,2.2104,,,,,,
Romania,2007,5.02223349,17.59607506,4.149539948,2.2915,,,,,,
Romania,2008,5.02274227,18.1821537,4.097199917,2.4133,,,,,,
Romania,2009,5.27841282,20.78450394,4.002130032,2.4414,,,,,,
Romania,2010,5.76906252,19.63123703,3.493609905,2.4804,,,,,,
Romania,2011,4.69901562,24.27583885,3.061369896,2.5153,11.8,98.20520782,1,81.92260133,,
Romania,2012,4.7180357,22.42794037,2.963799953,2.5887,,,,,,
Romania,2013,5.19262123,20.17611504,3.051739931,2.624,,,,,,
Romania,2016,4.99377203,20.75498581,2.979890108,2.2565,,,,,,
Romania,2017,5.1508317,20.48815536,3.095390081,2.9807,,,,,,
Romania,2018,,,,,7.5,98.59976959,1,81.93335709,,
Rwanda,2000,,,,,178.7,59.75033951,4.31472001,3.990014319,,
Rwanda,2008,7.94808626,11.7937603,3.504080057,0.052,,,,,,
Rwanda,2010,8.46126652,11.09088707,4.633840084,0.055,63.7,61.54861069,3.050655405,8.105793946,,
Rwanda,2011,8.21763229,10.79436588,4.385980129,0.0129,,,,,,
Rwanda,2012,,,,,1,64.66448975,2.810321892,8.909256899,,
Rwanda,2013,6.97064686,12.27044296,4.744919777,0.1021,,,,,,
Rwanda,2014,7.17037678,11.6199255,4.19878006,0.0909,44.3,66.13744354,2.569838352,9.743037899,,
Rwanda,2015,6.86232901,12.16625023,3.649159908,0.1129,,,,,,
Rwanda,2016,7.14331341,11.35328197,3.436729908,0.1226,,,,,,
Rwanda,2017,6.93017101,11.0868721,3.126460075,0.1371,,,,,,
Rwanda,2018,7.54268694,10.51792812,3.073750019,0.134,35.9,69.39453888,2.08769435,11.56456276,,
San Marino,2011,7.41631603,17.21391678,2.702960014,4.8896,,,,,,
Saudi Arabia,2000,4.2115941,18.46246338,5.90982008,0.7235,,,,,,
Saudi Arabia,2001,4.46173573,18.03369141,7.718870163,0.6822,,,,,,
Saudi Arabia,2004,3.58400607,18.15097046,6.277460098,1.37,,,,,,
Saudi Arabia,2008,2.97100711,19.36904335,5.13781023,2.0626,,,,,,
Senegal,2004,4.51964331,55.09240723,3.060600042,0.0549,,,,,,
Senegal,2008,3.47299719,41.62781525,4.025680065,0.0617,,,,,,
Senegal,2010,4.00045347,48.67733765,5.217740059,0.059,,,,,,
Senegal,2013,4.37490368,55.23893738,5.686560154,0.3179,,,,,,
Senegal,2015,4.38257313,50.8911438,5.45637989,0.2074,,,,,,
Senegal,2016,4.26078272,51.19503021,5.113090038,0.0711,,,,,,
Senegal,2017,4.06742668,53.78071213,4.624969959,0.0691,,,,,,
Serbia,2003,,,,,10.5,94.06828308,0.067942159,74.49428475,,
Serbia,2007,9.37649155,34.71287537,4.209839821,2.3447,,,,,,
Serbia,2008,9.48246384,35.14710617,4.441999912,2.4215,,,,,,
Serbia,2009,9.34623241,35.16514587,4.483980179,2.4467,,,,,,
Serbia,2010,9.5273037,36.40253067,4.327809811,2.482,,,,,,
Serbia,2011,9.11380005,36.40480423,4.238359928,2.5003,,,,,,
Serbia,2012,9.32820988,35.43021774,4.164209843,2.4961,,,,,,
Serbia,2014,9.24598789,39.94475174,3.926980019,2.4611,,,,,,
Serbia,2015,8.81929588,40.58773422,3.78640008,2.4603,,,,,,
Serbia,2016,8.47186947,40.45367432,3.63470006,3.1131,,,,,,
Seychelles,2006,4.67818308,25.75134659,4.770120144,0.838,,,,,,
Seychelles,2010,4.82773542,29.02687454,3.548259974,1.0953,,,,,,
Seychelles,2011,4.79911327,30.27558708,3.606440067,1.1643,7.4,96.74910736,0.063620846,74.80518426,,
Seychelles,2012,5.73107624,25.11411858,2.613929987,1.0043,,,,,,
Seychelles,2016,5.1787982,25.30701828,4.421020031,2.1212,1,98.22827911,0.034116969,74.92167875,,
Sierra Leone,2004,10.96054268,67.03570557,3.107130051,0.0309,1,24.15892982,24.17290524,5.66081512,,
Sierra Leone,2008,9.87387657,75.53688049,2.413170099,0.0155,,,,,,
Sierra Leone,2010,10.94337559,64.02027893,2.588639975,0.0212,,,,,,
Sierra Leone,2011,13.28133965,69.95410919,2.668900013,0.0251,,,,,,
Sierra Leone,2013,,,,,139.8,24.85667992,19.69258599,8.232897922,,
Sierra Leone,2018,,,,,113.5,34.85203171,17.32157379,9.907987192,,
Singapore,2000,,,,,3.9,88.64517975,1,1,,
Singapore,2001,3.16302657,55.58973694,3.542490005,1.4095,,,,,,
Singapore,2003,3.60699248,48.45797729,3.981940031,1.5451,,,,,,
Singapore,2004,3.15019822,51.00744247,3.652760029,1.5542,,,,,,
Singapore,2005,3.03367925,49.99448395,3.195960045,1.5819,,,,,,
Singapore,2006,2.9347465,48.83466721,2.859119892,1.5744,,,,,,
Singapore,2007,2.83749056,48.46814346,2.946749926,1.6127,,,,,,
Singapore,2008,3.19488454,46.45778656,2.764600039,1.6418,,,,,,
Singapore,2009,3.39853096,43.28753662,3.010129929,1.6758,,,,,,
Singapore,2010,3.20265365,41.45875549,3.080440044,1.7187,2.8,93.77481079,1,1,,
Singapore,2011,3.15792179,39.51037216,3.030770063,1.7232,2.8,94.06833649,1,1,,
Singapore,2012,3.32783675,37.65390396,3.070859909,1.7964,2.8,94.35958862,1,1,,
Singapore,2013,3.68562651,36.16598511,2.85435009,1.8958,2.8,94.64186859,1,1,,
Singapore,2014,3.87155676,33.29804611,2.92437005,2.0125,2.7,94.91132355,1,1,,
Singapore,2015,,,,,2.7,95.19065094,1,1,,
Singapore,2016,4.40151834,32.66244888,2.874830008,2.2936,2.7,95.44789124,1,1,,
Singapore,2017,,,,,2.7,95.68946838,1,1,,
Singapore,2018,,,,,2.6,95.91941071,1,1,,
Slovenia,2001,7.87602425,12.90347862,5.756830215,2.1761,,,,,,
Slovenia,2002,8.02119923,12.55521584,5.672860146,2.2342,,,,,,
Slovenia,2003,8.09883595,12.48665047,5.70333004,2.2561,,,,,,
Slovenia,2004,7.93957281,12.16907501,5.64425993,2.3058,4.4,99.59999847,1,82.59050628,,
Slovenia,2005,7.99595737,13.0193758,5.6040802,2.3519,,,,,,
Slovenia,2006,7.82322741,12.27804375,5.590660095,2.3672,,,,,,
Slovenia,2007,7.51139164,13.63123703,5.11661005,2.3925,,,,,,
Slovenia,2008,7.85466576,12.63994598,5.109519958,2.3994,,,,,,
Slovenia,2009,8.540802,12.77988815,5.554969788,2.4167,,,,,,
Slovenia,2010,8.56503296,12.64016342,5.545460224,2.4367,,,,,,
Slovenia,2011,8.53639603,12.19664192,5.541259766,2.4965,,,,,,
Slovenia,2012,8.71509933,12.45996571,5.620230198,2.5406,,,,,,
Slovenia,2013,8.74028301,12.4548645,5.405729771,2.6252,,,,,,
Slovenia,2014,8.50197506,12.98344612,5.291699886,2.7628,2.6,99.59999847,1,94.71352724,,
Slovenia,2015,8.49823952,12.49877739,4.909530163,2.8148,,,,,,
Slovenia,2016,8.47909927,12.00222397,4.792669773,3.0007,,,,,,
Slovenia,2017,8.18941784,12.32816887,4.780779839,3.0861,,,,,,
South Africa,2004,6.81141186,12.86045265,5.068910122,0.7365,,,,,,
South Africa,2007,6.4313159,11.03700256,4.974140167,0.6988,,,,,,
South Africa,2008,6.54576063,10.13872814,4.866000175,0.6968,,,,,,
South Africa,2009,7.11458683,9.25311947,5.248690128,0.7074,,,,,,
South Africa,2010,7.41535425,8.50645733,5.721739769,0.7341,,,,,,
South Africa,2011,7.49731731,8.39882755,5.881020069,0.7179,,,,,,
South Africa,2012,7.7525506,8.12133121,6.077420235,0.7254,,,,,,
South Africa,2013,7.72096157,8.06510639,5.864659786,0.7422,,,,,,
South Africa,2014,7.93015003,7.90544891,5.99946022,0.7541,,,,,,
South Africa,2015,8.20090294,7.69854689,5.956190109,0.7814,,,,,,
South Africa,2016,8.09581757,7.74873638,5.942850113,0.7997,,,,,,
South Africa,2017,8.11311913,7.76692533,6.113059998,0.9054,,,,,,
Spain,2000,6.79921818,24.32431793,4.166049957,3.1158,,,,,,
Spain,2001,6.76895761,24.85228539,4.111269951,3.1002,,,,,,
Spain,2002,6.80052805,24.59955215,4.134570122,3.0932,,,,,,
Spain,2003,7.56392097,22.45524597,4.173429966,3.1928,,,,,,
Spain,2004,7.65912247,22.15660858,4.157859802,3.4135,4.9,96.23088074,1,99.47214779,,
Spain,2005,7.73195314,21.76430702,4.144320011,2.7605,4.7,96.92514801,1,99.50739611,,
Spain,2006,7.82912683,21.02454376,4.184820175,2.8206,4.5,96.97483063,1,99.54283642,,
Spain,2007,7.9183569,20.73386765,4.254049778,2.8747,4.4,97.26032257,1,99.57845986,,
Spain,2008,8.3818779,20.64165306,4.528059959,2.9847,4.2,96.88684082,1,99.6142686,,
Spain,2009,9.10707188,19.01792145,4.912000179,3.0395,1,96.92597198,1,99.63069694,,
Spain,2010,9.1185751,20.29104424,4.856080055,3.0292,3.8,97.00450134,1,99.63345982,,
Spain,2011,9.16859245,20.39059639,4.896920204,3.0473,3.7,97.06556702,1,99.6362087,,
Spain,2012,9.15699196,21.80673027,4.469339848,3.1396,3.6,97.21804047,1,99.62511622,,
Spain,2013,9.06737709,22.7735405,4.351019859,3.1425,3.5,97.4405365,1,99.59836982,,
Spain,2014,9.09010506,23.13374138,4.303380013,3.1657,3.4,97.48735046,1,99.5714797,,
Spain,2015,9.12686825,22.29589272,4.286570072,3.2166,3.3,97.54712677,1,99.57406482,,
Spain,2016,8.9523859,21.95866776,4.227640152,3.8112,3.2,97.69535828,1,99.57668029,,
Spain,2017,8.94249249,22.11891747,4.207779884,3.8723,,,,,,
Spain,2018,,,,,3.2,97.97377777,1,99.58196193,,
Sri Lanka,2009,4.1933918,53.28553391,2.055900097,0.6826,,,,,,
Sri Lanka,2010,3.86745548,53.29795074,1.717740059,0.7239,,,,,,
Sri Lanka,2011,3.71693707,51.22101974,1.808609962,0.7391,,,,,,
Sri Lanka,2012,3.40384579,51.93098831,1.496170044,0.7645,,,,,,
Sri Lanka,2013,3.82699037,48.93375778,1.621070027,0.7983,,,,,,
Sri Lanka,2014,3.60648036,48.68254471,1.932880044,0.8364,,,,,,
Sri Lanka,2015,3.88992047,48.93215179,2.22874999,0.8624,,,,,,
Sri Lanka,2016,3.86424923,50.1216011,3.449199915,0.8925,,,,,,
Sri Lanka,2017,3.80975389,50.08361435,2.799249887,0.9277,,,,,,
Sri Lanka,2018,3.75841475,50.65418625,2.135390043,1.0041,,,,,,
Sudan,2000,3.60664463,61.82265854,1.012179971,0.158,,,,,,
Sudan,2004,4.15593481,57.1778717,1.629899979,0.2499,,,,,,
Sudan,2006,4.88544321,55.78925705,1.963019967,0.35,,,,,,
Sudan,2008,5.42313623,62.40304565,2.201430082,0.3271,,,,,,
Suriname,2004,,,,,27.2,87.1974411,7.05122512,52.5180075,,
Suriname,2008,,,,,24.3,93.76537323,5.631162,53.28897215,,
Suriname,2010,,,,,23.1,94.00354004,4.913368703,53.67645449,,
Suriname,2012,,,,,21.9,90.99790955,4.189686697,54.06621006,,
Suriname,2015,6.21926689,21.99853134,5.926509857,1.0463,,,,,,
Suriname,2016,6.27941179,21.83638763,5.98029995,1.1312,,,,,,
Suriname,2017,6.22976971,26.37959099,6.10751009,1.1849,,,,,,
Suriname,2018,7.96947193,19.87356377,5.688600063,1.2101,18.5,92.71205902,1.968566599,55.31203333,,
Sweden,2000,7.32689953,14.46247673,6.740149975,3.0731,,,,,,
Sweden,2001,7.89881182,16.86445999,6.617640018,3.1767,,,,,,
Sweden,2002,8.20682907,16.47666168,6.924349785,3.2797,,,,,,
Sweden,2003,8.31443501,15.85337067,6.791429996,3.3509,,,,,,
Sweden,2004,8.12580395,16.24256325,6.663109779,3.4378,,,,,,
Sweden,2005,8.14698315,16.59624481,6.506400108,3.5107,,,,,,
Sweden,2006,8.04736423,16.49125099,6.364290237,3.596,,,,,,
Sweden,2007,7.99017382,16.27465248,6.171589851,3.676,,,,,,
Sweden,2008,8.20660114,16.30896568,6.344550133,3.7353,,,,,,
Sweden,2009,8.77319241,16.43008041,6.749710083,3.8065,,,,,,
Sweden,2010,8.32738972,16.45641899,6.522689819,3.8779,,,,,,
Sweden,2011,10.42150974,14.59624577,6.366919994,3.9569,,,,,,
Sweden,2012,10.73550034,14.81289673,7.536970139,4.0368,,,,,,
Sweden,2013,10.90368462,14.92207527,7.611209869,4.1259,,,,,,
Sweden,2014,10.94807339,14.91991997,7.573729992,4.2037,,,,,,
Sweden,2015,10.79714203,14.8892746,7.443900108,4.2856,,,,,,
Sweden,2016,10.84046745,14.48799706,7.618619919,3.984,,,,,,
Switzerland,2000,9.3748436,31.04061699,4.648369789,3.5298,,,,,,
Switzerland,2001,9.73037529,30.11981773,4.81137991,3.5373,,,,,,
Switzerland,2002,10.13844776,29.04967117,5.164219856,3.59,,,,,,
Switzerland,2003,10.40008259,28.62252808,5.36935997,3.7516,,,,,,
Switzerland,2004,10.47868919,28.75733757,5.293079853,3.788,,,,,,
Switzerland,2005,10.29438877,27.14404678,5.057400227,3.8207,,,,,,
Switzerland,2006,9.81838131,27.3494606,4.81757021,3.8589,,,,,,
Switzerland,2007,9.62940121,27.33333206,4.557980061,3.8518,,,,,,
Switzerland,2008,9.75355244,26.49786186,4.731929779,3.8298,,,,,,
Switzerland,2009,10.37947655,26.20129585,4.89041996,3.8476,,,,,,
Switzerland,2010,10.27625465,26.18807602,4.765629768,3.8166,,,,,,
Switzerland,2011,10.34077358,25.64536285,4.815269947,3.8355,,,,,,
Switzerland,2012,10.61796474,25.86537361,4.8583498,3.9102,,,,,,
Switzerland,2013,10.83054256,25.16288185,4.869029999,4.0303,,,,,,
Switzerland,2014,10.99387455,26.03660583,4.877799988,4.1171,,,,,,
Switzerland,2015,11.36931515,25.85814857,4.93844986,4.1898,,,,,,
Switzerland,2016,11.70894909,26.57211494,4.926459789,4.2473,,,,,,
Switzerland,2017,11.89515591,26.40589142,4.951570034,4.2957,,,,,,
Tajikistan,2000,4.26492453,79.15171814,2.328710079,2.1717,83.6,99.22122955,1.252001164,35.99046099,,
Tajikistan,2001,4.57802582,76.52173615,2.376590014,2.1241,,,,,,
Tajikistan,2002,4.43647242,78.16711426,2.775789976,2.041,,,,,,
Tajikistan,2003,4.70218658,73.30263519,2.420789957,1.9396,,,,,,
Tajikistan,2004,4.79911184,71.73569489,2.772030115,1.9512,,,,,,
Tajikistan,2005,5.21024704,66.09986115,3.512130022,1.9548,,,,,,
Tajikistan,2006,5.03254795,68.79291534,3.40350008,1.9166,,,,,,
Tajikistan,2007,5.54050112,70.61388397,3.413269997,1.8962,,,,,,
Tajikistan,2008,5.91206694,68.58421326,3.459830046,1.9292,,,,,,
Tajikistan,2009,5.85579777,69.63989258,4.098309994,1.6439,,,,,,
Tajikistan,2010,5.73543406,70.43351746,4.006750107,1.6975,,,,,,
Tajikistan,2011,5.85971832,62.54403687,3.935110092,1.7209,,,,,,
Tajikistan,2012,5.98185873,63.9360199,4.018030167,2.877,,,,,,
Tajikistan,2014,,,,,38.7,99.69999695,0.521109531,51.04946383,,
Tanzania,2010,5.22392225,31.89402771,4.541699886,0.008,,,,,,
Tanzania,2012,5.01779366,24.69026947,3.470930099,0.0315,,,,,,
Tanzania,2014,4.01492023,25.98152733,3.384880066,0.0603,,,,,,
Tanzania,2016,3.96350336,21.89363289,4.101970196,0.014,,,,,,
Thailand,2000,3.10125184,34.18558884,5.25345993,0.368,,,,,,
Thailand,2001,3.02623034,33.9886055,4.81787014,0.2982,,,,,,
Thailand,2002,3.33472419,27.89708328,3.864919901,0.2964,,,,,,
Thailand,2003,3.24312663,27.1678009,3.725610018,0.277,,,,,,
Thailand,2004,3.13893557,26.40885162,4.030889988,0.2911,,,,,,
Thailand,2005,3.15972185,27.58306313,3.93859005,0.293,,,,,,
Thailand,2006,3.09970689,17.65686035,4.05038023,0.2875,,,,,,
Thailand,2007,3.19277501,14.81379414,3.603149891,0.2959,,,,,,
Thailand,2008,3.45933962,14.70176125,3.508500099,0.3164,,,,,,
Thailand,2009,3.6193974,15.90248966,3.861939907,0.3387,,,,,,
Thailand,2010,3.39009976,14.49738026,3.508440018,0.3906,,,,,,
Thailand,2015,3.66789317,12.50940418,3.759670019,0.4651,,,,,,
Thailand,2016,3.76332021,11.34563923,3.637520075,0.445,,,,,,
Thailand,2017,3.83202839,10.89800835,3.355730057,0.8075,,,,,,
Thailand,2018,3.79303908,11.01141357,3.056770086,0.805,,,,,,
Timor-Leste,2008,1.02795136,11.52039433,8.670570374,0.037,,,,,,
Timor-Leste,2009,1.66058576,8.84477043,12.90347958,0.044,,,,,,
Timor-Leste,2010,1.4271214,11.56462669,11.10762024,0.079,,,,,,
Timor-Leste,2011,1.26124156,9.9248476,10.07569981,0.078,,,,,,
Timor-Leste,2013,2.11266398,6.96823168,5.667150021,0.6174,,,,,,
Timor-Leste,2014,2.72246408,7.90607262,7.515470028,0.6821,,,,,,
Timor-Leste,2015,3.95390606,7.35929537,8.445150375,0.6946,,,,,,
Timor-Leste,2017,4.33655405,8.34491539,7.106100082,0.7504,,,,,,
Timor-Leste,2018,4.32635784,7.0929842,6.830910206,0.7224,,,,,,
Togo,2000,,,,,117.9,38.45328903,59.05893287,9.960937284,,
Togo,2001,3.42276573,73.3165741,3.767040014,0.057,,,,,,
Togo,2004,3.69210696,67.74723816,3.109630108,0.0446,,,,,,
Togo,2006,,,,,1,44.37662888,54.99210451,12.58560075,,
Togo,2007,4.4334507,61.75686264,3.510629892,0.049,,,,,,
Togo,2008,4.43673515,61.20417786,3.285300016,0.0574,,,,,,
Togo,2009,,,,,90.6,43.60689926,52.90196102,14.00105358,,
Togo,2010,5.90041494,62.09547424,4.096350193,0.2554,,,,,,
Togo,2011,,,,,85.4,47.97739029,51.47556786,14.99164438,,
Togo,2015,6.24938154,54.53458405,5.10860014,0.0493,75.8,51.24177933,48.52053907,17.10622174,,
Togo,2016,6.60094786,50.41664886,3.686490059,0.0128,,,,,,
Togo,2017,6.02144766,60.08607101,3.760529995,0.0299,,,,,,
Togo,2018,6.16532087,56.31594086,4.043940067,0.0774,,,,,,
Trinidad and Tobago,2000,4.23492432,57.34558868,2.755650043,1.0062,,,,,,
Trinidad and Tobago,2001,4.0346489,51.31262589,3.065289974,0.9704,,,,,,
Trinidad and Tobago,2002,4.72302485,52.28602982,3.543009996,0.8252,,,,,,
Trinidad and Tobago,2003,4.18767166,48.58372498,3.136600018,0.8087,,,,,,
Trinidad and Tobago,2011,4.72197914,44.81612396,4.296020031,1.8193,,,,,,
Trinidad and Tobago,2015,6.03951168,41.30602264,3.373280048,2.6498,,,,,,
Trinidad and Tobago,2017,7.02028561,40.66487122,3.561269999,3.3646,,,,,,
Trinidad and Tobago,2018,6.93182945,43.92116547,3.286240101,4.1675,,,,,,
Tunisia,2000,5.04834366,38.62986374,6.201960087,0.7668,,,,,,
Tunisia,2001,5.09929466,39.44773865,6.201849937,0.793,,,,,,
Tunisia,2002,5.37092733,40.20476532,5.790060043,0.8068,,,,,,
Tunisia,2003,5.46378517,40.89639664,6.81675005,0.8234,,,,,,
Tunisia,2004,5.45323801,41.51860428,6.720789909,1.33,23.2,65.34786224,7.561011703,74.69354303,,
Tunisia,2005,5.3973608,42.11570358,6.451570034,0.9322,,,,,,
Tunisia,2007,5.42856932,42.86813354,6.464519978,1.0242,20.2,68.50937653,5.74853132,75.64847282,,
Tunisia,2008,5.41714668,42.79279327,6.271570206,1.1074,19.4,69.20937347,5.161895559,75.96067476,,
Tunisia,2010,5.88395596,42.10583115,6.254809856,1.222,18.4,71.08821106,4.014651338,76.57592586,,
Tunisia,2011,,,,,1,71.729599,3.453824876,76.87921432,,
Tunisia,2012,,,,,17.7,72.16065216,2.901516758,77.17955552,,
Tunisia,2014,6.80739641,38.00471115,6.881869793,1.2769,17.3,72.22377014,1.822435039,77.77091111,,
Tunisia,2015,7.00741243,39.5675087,6.596000195,1.3108,,,,,,
Tunisia,2016,6.99717045,39.90196228,7.32434988,1.2834,,,,,,
Turkey,2000,4.59957218,28.60040665,2.516880035,1.3479,,,,,,
Turkey,2001,4.88784933,23.43206978,2.634619951,1.399,,,,,,
Turkey,2002,5.06227875,20.32076836,2.728060007,1.4114,,,,,,
Turkey,2003,5.01427698,18.93056297,2.851310015,1.4294,,,,,,
Turkey,2004,4.90964413,20.18101883,2.989989996,1.4492,,,,,,
Turkey,2006,5.14591694,23.6489296,2.728060007,1.5195,,,,,,
Turkmenistan,2012,4.77595139,68.28610992,3.049249887,2.2375,,,,,,
Turkmenistan,2014,,,,,41.7,99.59999847,0.095544792,88.94335086,,
Uganda,2002,,,,,131.7,58.90988159,13.36030994,3.365190937,,
Uganda,2004,10.28578472,34.63413239,4.952370167,0.0824,,,,,,
Uganda,2010,10.51574898,33.13381577,1.734850049,0.117,1,64.59145355,9.311434395,8.366076502,,
Uganda,2012,7.86666203,42.44776535,1.805230021,0.0975,67.6,61.97042847,8.341924769,9.839758193,,
Uganda,2015,6.78750038,38.87980652,2.331530094,0.0954,,,,,,
Uganda,2017,6.48715639,38.90499496,2.263360023,0.168,,,,,,
Uganda,2018,,,,,1,70.83805847,5.557901239,14.80988131,,
Ukraine,2000,5.30685234,48.39265823,4.166230202,3.0295,,,,,,
Ukraine,2001,5.72534418,47.16529846,4.685060024,3.0279,17.5,99.17156982,0.051749884,66.54422317,,
Ukraine,2002,5.99220037,45.11745453,5.438630104,3.0188,,,,,,
Ukraine,2003,6.54574108,41.02519226,5.607860088,3.0096,,,,,,
Ukraine,2004,6.16856956,41.40994263,5.313509941,3.0161,,,,,,
Ukraine,2005,6.3461585,37.95809555,6.06441021,3.0181,,,,,,
Ukraine,2006,6.41695166,36.13413239,6.214799881,3.0838,,,,,,
Ukraine,2007,6.01705217,36.46120071,6.157209873,3.0885,,,,,,
Ukraine,2008,5.49728012,37.78990173,6.436210155,3.1177,,,,,,
Ukraine,2009,6.60771894,37.40744781,7.318019867,3.4904,,,,,,
Ukraine,2010,6.81229019,41.8519783,7.397079945,3.483,,,,,,
Ukraine,2011,6.81617165,46.31325531,6.162370205,3.4842,,,,,,
Ukraine,2012,7.11666059,43.94115067,6.692329884,3.491,10.7,99.95819855,0.001200692,89.28507853,,
Ukraine,2013,6.94156218,48.16846085,6.671659946,3.4965,,,,,,
Ukraine,2014,7.18960381,48.16864014,5.874939919,2.9923,,,,,,
United Kingdom,2000,7.28434992,17.09322929,4.031730175,1.9913,,,,,,
United Kingdom,2001,7.6549964,17.2764492,4.118299961,2.0416,,,,,,
United Kingdom,2002,8.02424622,16.64617538,4.643370152,2.1146,,,,,,
United Kingdom,2003,8.21229839,15.84000778,4.816520214,2.204,,,,,,
United Kingdom,2004,8.48447704,14.58857918,4.743639946,2.3357,,,,,,
United Kingdom,2005,8.53398705,13.3109169,4.949150085,2.412,,,,,,
United Kingdom,2006,8.69737816,12.6406002,4.996890068,2.459,,,,,,
United Kingdom,2007,8.87322426,14.30104256,4.928870201,2.4844,,,,,,
United Kingdom,2008,9.16623402,13.01258469,4.905139923,2.5543,,,,,,
United Kingdom,2009,10.01600361,12.27895737,5.076459885,2.6279,,,,,,
United Kingdom,2010,9.98915195,12.88369465,5.699749947,2.6265,,,,,,
United Kingdom,2011,9.97346497,13.11622143,5.580949783,2.6603,,,,,,
United Kingdom,2013,9.97855186,15.28387833,5.531579971,2.6774,,,,,,
United Kingdom,2014,9.95758438,15.13344669,5.604569912,2.7149,,,,,,
United Kingdom,2015,9.90435219,15.0961132,5.553050041,2.7465,,,,,,
United Kingdom,2016,9.86671162,15.24935055,5.418940067,2.7563,,,,,,
United Kingdom,2017,9.82511234,15.87815857,5.444180012,2.7863,,,,,,
United Kingdom,2018,9.99696255,16.70836067,5.238900185,2.8117,,,,,,
Uruguay,2002,10.51725101,21.69647217,2.32220006,3.7234,,,,,,
Uruguay,2016,9.42438793,16.43923569,4.380859852,3.9558,,,,,,
Uruguay,2017,9.51635647,16.49806976,4.485839844,5.0794,,,,,,
Uzbekistan,2000,,,,,1,98.13858032,0.053873999,56.3409902,,
Uzbekistan,2011,5.28212595,54.36104965,6.195859909,2.5036,,,,,,
Uzbekistan,2012,5.58976364,52.70285034,6.395229816,2.4451,,,,,,
Uzbekistan,2013,5.66173792,52.92061615,6.090010166,2.4044,26.6,99.9958725,1,58.77502285,,
Uzbekistan,2014,4.67292738,45.40990448,6.025269985,2.3742,24.6,99.9759903,1,58.83590983,,
Uzbekistan,2015,,,,,22.8,99.97576904,1,58.85883492,,
Uzbekistan,2016,,,,,21.1,99.97840881,1,58.88146605,,
Uzbekistan,2018,,,,,18.4,99.98587036,1,58.86418257,,
Vietnam,2008,5.14778042,37.18603134,4.886740208,0.6648,,,,,,
Vietnam,2009,5.29355097,37.26034927,4.816500187,0.6982,,,,,,
Vietnam,2010,5.96677208,37.42028046,5.137219906,0.71,,,,,,
Vietnam,2011,5.87397575,37.40775299,4.813720226,1.152,,,,,,
Vietnam,2012,6.27840996,40.77892303,5.533289909,0.8209,,,,,,
Vietnam,2013,6.33500576,41.26946259,5.65199995,1.18,,,,,,
Vietnam,2015,5.65262079,43.47938538,4.465760231,0.7963,,,,,,
Zambia,2016,5.65919352,44.57281876,4.344810009,0.8281,,,,,,
Zambia,2004,7.04994965,25.01428986,2.463429928,0.1298,,,,,,
Zambia,2005,6.86332226,31.45973015,1.735530019,0.0545,,,,,,
Zambia,2008,4.01207542,35.06565475,1.099720001,0.0619,,,,,,
Zambia,2010,3.71929598,24.46971893,3.700000048,0.0614,,,,,,
Zimbabwe,2016,4.47720718,12.1607151,3.747920036,0.0925,,,,,,
Zimbabwe,2010,10.47583866,34.43103409,1.544059992,0.1272,,,,,,
Zimbabwe,2011,,,,,81.4,80.06565857,26.87614773,31.32881038,,
Zimbabwe,2012,6.91835308,34.96852112,6.07020998,0.0807,,,,,,
Zimbabwe,2013,7.11014795,29.75596428,5.995979786,0.0834,,,,,,
Zimbabwe,2014,8.13352394,24.83175468,6.13835001,0.124,64.4,88.28382874,25.83215724,30.60195283,,
Zimbabwe,2015,7.45206642,25.78641701,5.812789917,0.1815,,,,,,
Zimbabwe,2016,7.6476202,23.10600853,5.47262001,0.1788,,,,,,
Zimbabwe,2017,5.84977484,23.39326286,5.381060123,0.1859,,,,,,
Zimbabwe,2018,4.73433113,24.35681152,3.587280035,0.2096,,,,,,
