"country_name","year","Health_expendGDP","Outpocket_expend","Education_expendGDP","Physicians","Mortality_rate","Literacy_rate","Open_defecation","managed_water","continent"
"Afghanistan",2010,8.56967163,78.9966507,3.479449987,0.2365,20.3,91.272994995,1,55.75332056,"Asia"
"Afghanistan",2011,8.56190681,73.25517273,3.462009907,0.2518,83.9,17.01783943,17.66914391,19.96687464,"Asia"
"Afghanistan",2013,8.80596447,72.04786682,3.454459906,0.2846,20.3,91.272994995,1,55.75332056,"Asia"
"Afghanistan",2014,9.52887821,73.05592346,3.695219994,0.2983,20.3,91.272994995,1,55.75332056,"Asia"
"Afghanistan",2015,10.10534763,78.3822937,3.255800009,0.285,20.3,91.272994995,1,55.75332056,"Asia"
"Afghanistan",2016,10.96199989,75.97433472,3.511980057,0.2782,20.3,91.272994995,1,55.75332056,"Asia"
"Armenia",2000,4.19581175,62.01095581,2.772730112,2.7007,20.3,91.272994995,1,55.75332056,"Asia"
"Armenia",2001,4.64563894,50.87960434,2.469439983,2.6187,29.2,99.16107178,0.075540822,80.00290747,"Asia"
"Armenia",2002,7.61358738,75.23449707,2.135040045,2.5633,20.3,91.272994995,1,55.75332056,"Asia"
"Armenia",2003,7.17936134,76.42555237,2.145040035,2.4563,20.3,91.272994995,1,55.75332056,"Asia"
"Armenia",2004,6.05510092,71.58870697,2.486730099,2.4604,20.3,91.272994995,1,55.75332056,"Asia"
"Armenia",2005,5.8618803,62.9359169,2.712029934,2.5643,20.3,91.272994995,1,55.75332056,"Asia"
"Armenia",2006,5.85007095,61.17356873,2.715770006,2.5897,20.3,91.272994995,1,55.75332056,"Asia"
"Armenia",2007,5.49814034,58.2291832,3.018939972,2.6724,20.3,91.272994995,1,55.75332056,"Asia"
"Armenia",2008,6.63976574,71.43701172,3.172729969,2.7432,20.3,91.272994995,1,55.75332056,"Asia"
"Armenia",2009,8.44377613,73.63292694,3.840790033,2.7679,20.3,91.272994995,1,55.75332056,"Asia"
"Armenia",2010,9.23538303,77.62413025,3.249000072,2.8419,20.3,91.272994995,1,55.75332056,"Asia"
"Armenia",2011,9.37588787,78.4196701,3.143850088,2.8677,17.6,99.69035339,0.030301184,81.79551015,"Asia"
"Armenia",2012,9.13455009,78.58730316,2.772480011,2.8968,20.3,91.272994995,1,55.75332056,"Asia"
"Armenia",2013,10.32345009,82.8755722,2.650180101,2.9031,20.3,91.272994995,1,55.75332056,"Asia"
"Armenia",2014,10.17827797,82.48136902,2.247240067,2.8928,20.3,91.272994995,1,55.75332056,"Asia"
"Armenia",2015,10.1176281,81.62987518,2.80591011,2.9143,20.3,91.272994995,1,55.75332056,"Asia"
"Armenia",2017,10.36270523,84.34807587,2.707590103,4.4023,1,99.67716217,0.01094746,85.42311993,"Asia"
"Azerbaijan",2000,2.94894385,68.60791016,3.853990078,3.5743,20.3,91.272994995,1,55.75332056,"Asia"
"Azerbaijan",2001,2.75584769,70.0835495,3.503420115,3.548,20.3,91.272994995,1,55.75332056,"Asia"
"Azerbaijan",2002,2.73274231,72.29073334,3.154459953,3.5618,20.3,91.272994995,1,55.75332056,"Asia"
"Azerbaijan",2003,2.73488688,68.867836,3.286149979,3.5505,20.3,91.272994995,1,55.75332056,"Asia"
"Azerbaijan",2004,2.66530418,65.7750473,3.447700024,3.5568,20.3,91.272994995,1,55.75332056,"Asia"
"Azerbaijan",2005,2.26107669,58.51049423,2.974620104,3.5819,20.3,91.272994995,1,55.75332056,"Asia"
"Azerbaijan",2006,2.06678391,56.38795471,2.555520058,3.5649,20.3,91.272994995,1,55.75332056,"Asia"
"Azerbaijan",2007,1.99021435,52.713871,2.549279928,3.7124,45.8,99.38394165,0.172745627,70.74662724,"Asia"
"Azerbaijan",2008,1.93880868,54.16812134,2.44092989,3.6844,20.3,91.272994995,1,55.75332056,"Asia"
"Azerbaijan",2009,2.6137836,55.5350914,3.224309921,3.6751,40.1,99.68215179,0.174065643,74.66394509,"Asia"
"Azerbaijan",2010,2.48996663,57.92219543,2.780620098,3.6629,37.4,99.69262695,0.174763175,76.66510273,"Asia"
"Azerbaijan",2011,2.44641805,59.86849594,2.435640097,3.4376,1,99.70496368,0.17548651,78.69497302,"Asia"
"Azerbaijan",2012,2.96481562,60.62773895,2.067630053,3.4901,32.6,99.70285797,0.176239295,80.46702109,"Asia"
"Azerbaijan",2013,3.03672314,64.20559692,2.442130089,3.4558,30.4,99.71681976,0.177024732,81.96018446,"Asia"
"Azerbaijan",2014,3.37713742,65.57722473,2.633039951,3.446,28.3,99.7196579,0.177847106,83.47031373,"Asia"
"Azerbaijan",2015,4.19000292,47.22499084,3.40350008,1.5829,26.3,99.7171402,0.088274497,84.99569481,"Asia"
"Azerbaijan",2016,4.19000292,47.22499084,3.40350008,1.5829,24.6,99.71955109,0.087676074,85.69377094,"Asia"
"Azerbaijan",2017,4.19000292,47.22499084,3.40350008,1.5829,1,99.72199249,0.087048404,86.38904431,"Asia"
"Bahrain",2001,4.19000292,47.22499084,3.40350008,1.5829,1,83.55741882,1,98.84970743,"Asia"
"Bahrain",2006,3.06248927,27.09490967,2.874409914,1.0142,20.3,91.272994995,1,55.75332056,"Asia"
"Bahrain",2007,3.30373311,30.15912437,2.575000048,1.0155,20.3,91.272994995,1,55.75332056,"Asia"
"Bahrain",2008,3.28510404,27.22068405,2.496779919,0.9896,20.3,91.272994995,1,55.75332056,"Asia"
"Bahrain",2010,4.19000292,47.22499084,3.40350008,1.5829,8.5,89.01043701,1,98.96788255,"Asia"
"Bahrain",2012,4.10642147,26.80383301,2.645309925,0.957,20.3,91.272994995,1,55.75332056,"Asia"
"Bahrain",2013,4.30853891,26.91797256,2.476890087,0.9536,20.3,91.272994995,1,55.75332056,"Asia"
"Bahrain",2014,4.40681839,26.17599869,2.467459917,0.9573,20.3,91.272994995,1,55.75332056,"Asia"
"Bahrain",2015,4.97506618,25.84038734,2.674540043,0.9257,20.3,91.272994995,1,55.75332056,"Asia"
"Bangladesh",2001,1.98674393,65.14016724,2.171930075,0.2498,81.6,40.823349,15.77866165,55.27115966,"Asia"
"Bangladesh",2003,2.19150281,62.38762665,2.069390059,0.2714,20.3,91.272994995,1,55.75332056,"Asia"
"Bangladesh",2004,2.21405101,62.50523758,1.940140009,0.2809,20.3,91.272994995,1,55.75332056,"Asia"
"Bangladesh",2006,2.32201099,65.07526398,2.131289959,0.3167,20.3,91.272994995,1,55.75332056,"Asia"
"Bangladesh",2007,2.38769174,65.81632233,2.202219963,0.3293,57.7,43.74084854,9.901515171,55.07018233,"Asia"
"Bangladesh",2008,2.34595656,67.16353607,2.05456996,0.342,20.3,91.272994995,1,55.75332056,"Asia"
"Bangladesh",2009,2.4033823,67.23670197,1.939419985,0.3544,20.3,91.272994995,1,55.75332056,"Asia"
"Bangladesh",2011,2.56593657,67.3722229,2.132699966,0.3839,46.1,55.11943817,6.200095368,54.86629665,"Asia"
"Bangladesh",2012,2.57301211,67.46909332,2.175499916,0.4001,43.8,54.23603821,5.30484137,55.20873295,"Asia"
"Bangladesh",2013,2.50334787,68.5146637,1.966160059,0.4218,41.6,57.78900146,4.422388071,55.56673972,"Asia"
"Bangladesh",2014,4.19000292,47.22499084,3.40350008,1.5829,39.5,57.8609314,3.552648541,55.9399014,"Asia"
"Bangladesh",2015,4.19000292,47.22499084,3.40350008,1.5829,37.5,62.25299072,2.695839017,56.32891798,"Asia"
"Bangladesh",2016,2.31178045,73.12600708,1.535539985,0.4974,35.7,69.89720917,1.851918354,56.73353706,"Asia"
"Bangladesh",2017,4.19000292,47.22499084,3.40350008,1.5829,33.9,70.08570099,1.020961285,57.15407412,"Asia"
"Bangladesh",2018,4.19000292,47.22499084,3.40350008,1.5829,32.3,71.18193817,0.220962759,57.59065733,"Asia"
"Bhutan",2004,4.46532822,16.25363731,6.609069824,0.1847,20.3,91.272994995,1,55.75332056,"Asia"
"Bhutan",2005,4.19000292,47.22499084,3.40350008,1.5829,57.4,38.68066025,7.388524299,31.41844539,"Asia"
"Bhutan",2008,3.30082774,15.47424793,4.911590099,0.2546,20.3,91.272994995,1,55.75332056,"Asia"
"Bhutan",2010,3.47357607,16.4826355,4.12473011,0.023,20.3,91.272994995,1,55.75332056,"Asia"
"Bhutan",2012,4.19000292,47.22499084,3.40350008,1.5829,37.9,45.20450974,3.582970174,34.36864461,"Asia"
"Bhutan",2013,3.62129545,20.31390381,5.722750187,0.2858,20.3,91.272994995,1,55.75332056,"Asia"
"Bhutan",2014,3.46891737,21.17123222,6.04489994,0.3393,20.3,91.272994995,1,55.75332056,"Asia"
"Bhutan",2015,3.65720773,19.79465866,7.590099812,0.3448,20.3,91.272994995,1,55.75332056,"Asia"
"Bhutan",2016,3.48117137,20.12969589,6.993330002,0.4059,20.3,91.272994995,1,55.75332056,"Asia"
"Bhutan",2017,3.24491644,13.3064661,7.225739956,0.4024,30.6,57.08361816,1.048451385,36.1630326,"Asia"
"Bhutan",2018,3.0574255,13.16380501,6.850840092,0.4242,20.3,91.272994995,1,55.75332056,"Asia"
"Cambodia",2000,6.54116726,68.68592072,1.666810036,0.1684,20.3,91.272994995,1,55.75332056,"Asia"
"Cambodia",2004,4.19000292,47.22499084,3.40350008,1.5829,70.8,64.05098724,73.25247817,18.90913924,"Asia"
"Cambodia",2008,4.19000292,47.22499084,3.40350008,1.5829,51.5,69.58641052,59.74698092,20.81578901,"Asia"
"Cambodia",2009,7.58330584,50.50344467,1.665680051,0.2378,47.7,69.10901642,56.27551765,21.37751637,"Asia"
"Cambodia",2010,6.9116993,51.90946579,1.533789992,0.2302,20.3,91.272994995,1,55.75332056,"Asia"
"Cambodia",2011,7.50353098,59.74187851,1.510689974,0.2263,20.3,91.272994995,1,55.75332056,"Asia"
"Cambodia",2012,7.26115417,60.47090912,1.560899973,0.1651,20.3,91.272994995,1,55.75332056,"Asia"
"Cambodia",2013,7.10386801,61.22215271,2.05053997,0.4758,20.3,91.272994995,1,55.75332056,"Asia"
"Cambodia",2014,6.70157766,58.62177658,1.909389973,0.1927,33.3,71.78179932,39.07311324,24.23943634,"Asia"
"Cambodia",2015,4.19000292,47.22499084,3.40350008,1.5829,31.6,75.03386688,35.66522949,24.82287522,"Asia"
"China",2010,4.2079916,40.8000145,3.754640102,1.4532,20.3,91.272994995,1,55.75332056,"Asia"
"China",2011,4.32551336,40.26554108,3.52196002,1.4637,20.3,91.272994995,1,55.75332056,"Asia"
"China",2012,4.5493989,39.23458862,4.077429771,1.5367,20.3,91.272994995,1,55.75332056,"Asia"
"China",2013,4.71002245,38.15951538,3.852509975,1.6332,20.3,91.272994995,1,55.75332056,"Asia"
"China",2014,4.77322769,36.56483459,3.726639986,1.6877,20.3,91.272994995,1,55.75332056,"Asia"
"China",2015,4.8887229,35.0892868,3.82487011,1.7732,20.3,91.272994995,1,55.75332056,"Asia"
"China",2016,4.98188066,35.90618515,3.79362011,1.8647,20.3,91.272994995,1,55.75332056,"Asia"
"China",2017,5.15119171,36.05040741,3.667449951,1.9798,20.3,91.272994995,1,55.75332056,"Asia"
"Cyprus",2000,5.30800056,55.9019165,4.9895401,1.9082,20.3,91.272994995,1,55.75332056,"Asia"
"Cyprus",2001,5.33940458,55.2161293,5.11552,1.915,6.2,95.07965851,1,95.6425083,"Asia"
"Cyprus",2002,5.61565971,52.7716217,5.581669807,1.8782,20.3,91.272994995,1,55.75332056,"Asia"
"Cyprus",2003,5.63568783,47.65464783,6.670229912,1.8619,20.3,91.272994995,1,55.75332056,"Asia"
"Cyprus",2004,5.40558147,49.88217926,6.117720127,1.9121,20.3,91.272994995,1,55.75332056,"Asia"
"Cyprus",2005,5.43580961,49.8321991,6.286670208,1.8965,20.3,91.272994995,1,55.75332056,"Asia"
"Cyprus",2006,5.46357489,48.32824707,6.330269814,1.8374,20.3,91.272994995,1,55.75332056,"Asia"
"Cyprus",2007,5.35744858,48.79761505,6.280829906,2.0147,20.3,91.272994995,1,55.75332056,"Asia"
"Cyprus",2008,6.01427698,51.40008163,6.722760201,2.0507,20.3,91.272994995,1,55.75332056,"Asia"
"Cyprus",2009,6.46531582,49.92380524,7.205450058,2.1064,20.3,91.272994995,1,55.75332056,"Asia"
"Cyprus",2010,6.51767111,43.10596848,6.54279995,2.1562,20.3,91.272994995,1,55.75332056,"Asia"
"Cyprus",2011,6.44928503,41.37463379,6.538539886,2.2484,3.3,98.1162262,1,97.98940241,"Asia"
"Cyprus",2013,6.94518471,42.59913254,6.483779907,2.4076,20.3,91.272994995,1,55.75332056,"Asia"
"Cyprus",2014,6.9609561,45.11098099,6.440499783,2.4993,20.3,91.272994995,1,55.75332056,"Asia"
"Cyprus",2015,6.92568588,44.7154007,6.326129913,2.6236,20.3,91.272994995,1,55.75332056,"Asia"
"Cyprus",2016,6.83423901,46.11189651,6.145410061,1.9509,20.3,91.272994995,1,55.75332056,"Asia"
"Georgia",2000,7.39698839,80.98434448,2.181050062,3.8371,20.3,91.272994995,1,55.75332056,"Asia"
"Georgia",2001,7.37039232,76.43830109,2.137500048,3.7156,20.3,91.272994995,1,55.75332056,"Asia"
"Georgia",2002,8.03379822,77.12854767,2.235019922,3.8069,31.5,99.55284882,0.933138334,62.27734355,"Asia"
"Georgia",2003,8.2554884,79.20792389,2.065599918,3.8267,20.3,91.272994995,1,55.75332056,"Asia"
"Georgia",2004,8.3163681,79.43696594,2.914200068,3.8009,20.3,91.272994995,1,55.75332056,"Asia"
"Georgia",2005,8.30393314,79.585495,2.484319925,3.8164,20.3,91.272994995,1,55.75332056,"Asia"
"Georgia",2006,7.84626532,77.264328,3.00364995,3.8683,20.3,91.272994995,1,55.75332056,"Asia"
"Georgia",2007,7.64387417,75.67359924,2.696870089,3.9027,20.3,91.272994995,1,55.75332056,"Asia"
"Georgia",2008,8.68152046,66.54589081,2.919549942,4.0001,20.3,91.272994995,1,55.75332056,"Asia"
"Georgia",2009,9.83542728,68.90898895,3.222379923,4.2219,20.3,91.272994995,1,55.75332056,"Asia"
"Georgia",2010,9.54538918,72.72727203,2.803649902,4.4466,20.3,91.272994995,1,55.75332056,"Asia"
"Georgia",2011,8.38810349,75.61214447,2.576139927,4.5004,20.3,91.272994995,1,55.75332056,"Asia"
"Georgia",2012,8.37314224,73.43678284,1.906100035,4.4868,20.3,91.272994995,1,55.75332056,"Asia"
"Georgia",2013,8.3957243,69.07719421,2.886719942,4.5145,20.3,91.272994995,1,55.75332056,"Asia"
"Georgia",2014,8.43881893,65.97560883,2.997679949,4.7754,10.9,99.51457977,0.123740149,64.99382975,"Asia"
"Georgia",2015,7.93235874,57.32433701,3.164870024,5.0055,20.3,91.272994995,1,55.75332056,"Asia"
"Georgia",2016,8.42134666,55.51872253,3.593869925,5.9973,20.3,91.272994995,1,55.75332056,"Asia"
"Georgia",2017,7.05804443,54.76190567,3.574429989,6.1297,1,99.2947464,0.005210503,65.66411509,"Asia"
"Georgia",2018,7.11329746,47.668293,3.52105999,7.1201,20.3,91.272994995,1,55.75332056,"Asia"
"India",2000,4.03493309,71.70202637,4.324790001,0.5258,20.3,91.272994995,1,55.75332056,"Asia"
"India",2003,4.00848055,73.42475128,3.613409996,0.5627,20.3,91.272994995,1,55.75332056,"Asia"
"India",2004,3.95739198,72.48266602,3.352540016,0.5717,20.3,91.272994995,1,55.75332056,"Asia"
"India",2005,3.79116249,73.14936829,3.188750029,0.5758,20.3,91.272994995,1,55.75332056,"Asia"
"India",2006,3.63477802,72.25708008,3.142849922,0.5852,20.3,91.272994995,1,55.75332056,"Asia"
"India",2009,3.48537874,66.75775146,3.278249979,0.622,20.3,91.272994995,1,55.75332056,"Asia"
"India",2010,3.27211905,65.18476868,3.377690077,0.6616,20.3,91.272994995,1,55.75332056,"Asia"
"India",2011,3.24634194,62.22489929,3.79618001,0.7376,20.3,91.272994995,1,55.75332056,"Asia"
"India",2012,3.32935309,63.00013733,3.867500067,0.6982,20.3,91.272994995,1,55.75332056,"Asia"
"India",2013,3.74944162,69.07303619,3.844670057,0.7182,20.3,91.272994995,1,55.75332056,"Asia"
"India",2016,3.51098323,63.20620346,3.450979948,0.759,20.3,91.272994995,1,55.75332056,"Asia"
"Indonesia",2003,2.30133748,44.95776749,3.217999935,0.1339,20.3,91.272994995,1,55.75332056,"Asia"
"Indonesia",2007,2.87617064,48.64442825,3.044250011,0.288,20.3,91.272994995,1,55.75332056,"Asia"
"Indonesia",2009,2.68494344,48.09020615,3.525130033,0.1448,20.3,91.272994995,1,55.75332056,"Asia"
"Indonesia",2010,2.96089983,56.98842239,2.81227994,0.1395,20.3,91.272994995,1,55.75332056,"Asia"
"Indonesia",2012,2.9028666,53.16792297,3.407480001,0.3075,20.3,91.272994995,1,55.75332056,"Asia"
"Indonesia",2013,2.96065068,49.32272339,3.359040022,0.3118,20.3,91.272994995,1,55.75332056,"Asia"
"Indonesia",2015,2.99113512,41.38797379,3.583600044,0.2738,20.3,91.272994995,1,55.75332056,"Asia"
"Indonesia",2017,2.86824059,36.01034546,2.669980049,0.3767,20.3,91.272994995,1,55.75332056,"Asia"
"Indonesia",2018,2.87053037,34.85082245,1,0.4269,20.3,91.272994995,1,55.75332056,"Asia"
"Iraq",2000,4.19000292,47.22499084,3.40350008,1.5829,1,64.16950226,4.725031953,50.24093663,"Asia"
"Iraq",2012,4.19000292,47.22499084,3.40350008,1.5829,32.5,1,1.183884353,55.97190633,"Asia"
"Iraq",2013,4.19000292,47.22499084,3.40350008,1.5829,31.5,63.40000153,0.895616038,56.46053883,"Asia"
"Iraq",2014,4.19000292,47.22499084,3.40350008,1.5829,30.5,74.59999847,0.610295321,56.94658451,"Asia"
"Iraq",2016,4.19000292,47.22499084,3.40350008,1.5829,28.6,76.80000305,0.048493522,57.91293299,"Asia"
"Iraq",2017,4.19000292,47.22499084,3.40350008,1.5829,27.7,79.90000153,0.019919344,58.39519541,"Asia"
"Israel",2000,6.80195379,29.48983002,6.10131979,3.822,20.3,91.272994995,1,55.75332056,"Asia"
"Israel",2001,7.22640753,30.33019829,6.362279892,3.8398,20.3,91.272994995,1,55.75332056,"Asia"
"Israel",2002,7.1476779,27.84285927,6.451049805,3.851,20.3,91.272994995,1,55.75332056,"Asia"
"Israel",2003,7.08944702,28.62854576,6.331369877,3.8513,20.3,91.272994995,1,55.75332056,"Asia"
"Israel",2004,7.02626944,28.72549057,5.933420181,3.8126,20.3,91.272994995,1,55.75332056,"Asia"
"Israel",2005,7.12387037,30.24324989,5.754449844,3.754,20.3,91.272994995,1,55.75332056,"Asia"
"Israel",2006,6.91167355,25.72410393,5.755889893,3.6935,20.3,91.272994995,1,55.75332056,"Asia"
"Israel",2007,6.88591146,26.66324425,5.498829842,3.6293,20.3,91.272994995,1,55.75332056,"Asia"
"Israel",2008,6.96814823,25.34703064,5.529459953,3.5637,20.3,91.272994995,1,55.75332056,"Asia"
"Israel",2009,7.06644821,25.41890717,5.493720055,3.543,20.3,91.272994995,1,55.75332056,"Asia"
"Israel",2010,7.01676989,23.8116951,5.535250187,3.5191,20.3,91.272994995,1,55.75332056,"Asia"
"Israel",2011,6.97842979,23.75934219,5.576580048,3.5177,20.3,91.272994995,1,55.75332056,"Asia"
"Israel",2012,7.11489153,23.40835571,5.699969769,3.5075,20.3,91.272994995,1,55.75332056,"Asia"
"Israel",2013,7.0793376,22.65417099,5.883749962,3.4866,20.3,91.272994995,1,55.75332056,"Asia"
"Israel",2014,7.15390539,23.01003265,5.783510208,3.4669,20.3,91.272994995,1,55.75332056,"Asia"
"Israel",2015,7.10652399,22.50102615,5.861249924,3.4618,20.3,91.272994995,1,55.75332056,"Asia"
"Israel",2016,7.15261269,22.69334412,5.863269806,3.4632,20.3,91.272994995,1,55.75332056,"Asia"
"Israel",2017,7.49766827,21.97258186,6.102729797,3.4783,20.3,91.272994995,1,55.75332056,"Asia"
"Israel",2018,7.51703548,21.13713837,6.164899826,4.6249,20.3,91.272994995,1,55.75332056,"Asia"
"Jordan",2003,4.19000292,47.22499084,3.40350008,1.5829,24.7,84.71392059,0.212089624,53.72740546,"Asia"
"Jordan",2005,4.19000292,47.22499084,3.40350008,1.5829,23.3,87.0058136,0.186525569,53.65358079,"Asia"
"Jordan",2007,4.19000292,47.22499084,3.40350008,1.5829,1,88.90331268,0.148206817,57.84384275,"Asia"
"Jordan",2010,8.38929749,21.85514641,3.099999905,2.2326,20.2,89.20774078,0.144240752,64.18461344,"Asia"
"Jordan",2011,4.19000292,47.22499084,3.40350008,1.5829,19.7,93.93345642,0.134962679,66.31093505,"Asia"
"Jordan",2012,4.19000292,47.22499084,3.40350008,1.5829,19.1,97.37200928,0.126928564,68.44270744,"Asia"
"Jordan",2013,7.24769545,22.13348579,3.5,2.1947,20.3,91.272994995,1,55.75332056,"Asia"
"Jordan",2016,7.2834053,30.62340927,3.452820063,1.3954,20.3,91.272994995,1,55.75332056,"Asia"
"Jordan",2017,8.11925125,30.42742538,3.228539944,2.3237,20.3,91.272994995,1,55.75332056,"Asia"
"Jordan",2018,4.19000292,47.22499084,3.40350008,1.5829,16.1,97.83207703,0.107430174,81.37310016,"Asia"
"Kazakhstan",2000,4.16031075,48.51059723,3.25661993,3.2804,20.3,91.272994995,1,55.75332056,"Asia"
"Kazakhstan",2002,3.61480379,45.89502335,3.029700041,3.583,20.3,91.272994995,1,55.75332056,"Asia"
"Kazakhstan",2004,3.98307776,41.03981018,2.25590992,3.5907,20.3,91.272994995,1,55.75332056,"Asia"
"Kazakhstan",2005,3.90172386,34.4123497,2.263530016,3.6038,20.3,91.272994995,1,55.75332056,"Asia"
"Kazakhstan",2006,3.39824891,31.08116722,2.626780033,3.6983,20.3,91.272994995,1,55.75332056,"Asia"
"Kazakhstan",2007,2.70314837,32.7742424,2.831389904,3.6547,20.3,91.272994995,1,55.75332056,"Asia"
"Kazakhstan",2008,3.04952645,24.47266579,2.589459896,3.7161,20.3,91.272994995,1,55.75332056,"Asia"
"Kazakhstan",2009,3.49913764,22.9131546,3.060719967,3.7808,22.5,99.68428802,0.030731237,76.21740545,"Asia"
"Kazakhstan",2010,2.73641396,27.2958374,3.462260008,3.9278,20.4,99.73899078,0.030663832,77.88132362,"Asia"
"Kazakhstan",2011,2.60236669,24.59804726,3.493520021,3.9483,20.3,91.272994995,1,55.75332056,"Asia"
"Kazakhstan",2012,3.03725982,27.82034302,3.901690006,3.9108,20.3,91.272994995,1,55.75332056,"Asia"
"Kazakhstan",2013,2.66286755,25.9552784,3.437370062,3.9508,20.3,91.272994995,1,55.75332056,"Asia"
"Kazakhstan",2014,2.97468424,23.80191422,3.421649933,3.98,20.3,91.272994995,1,55.75332056,"Asia"
"Kazakhstan",2018,4.19000292,47.22499084,3.40350008,1.5829,10.3,99.73899078,1,89.30981997,"Asia"
"Kuwait",2004,2.7573216,18.42650223,5.535069942,1.5,20.3,91.272994995,1,55.75332056,"Asia"
"Kuwait",2005,2.37762237,18.18181801,4.738339901,1.8,11.4,91.04250336,1,1,"Asia"
"Kuwait",2006,2.25313878,17.16867447,3.759979963,1.4543,11.2,90.82862854,1,1,"Asia"
"Kuwait",2007,4.19000292,47.22499084,3.40350008,1.5829,11.1,91.50348663,1,1,"Asia"
"Kuwait",2008,4.19000292,47.22499084,3.40350008,1.5829,10.9,91.77864838,1,1,"Asia"
"Kuwait",2010,4.19000292,47.22499084,3.40350008,1.5829,10.4,92.68093872,1,1,"Asia"
"Kuwait",2012,4.19000292,47.22499084,3.40350008,1.5829,9.6,94.96524811,1,1,"Asia"
"Kuwait",2013,4.19000292,47.22499084,3.40350008,1.5829,9.3,94.30116272,1,1,"Asia"
"Kuwait",2015,4.01473618,14.37861347,4.771480083,2.6463,8.7,94.470047,1,1,"Asia"
"Kuwait",2017,4.19000292,47.22499084,3.40350008,1.5829,8.3,94.82576752,1,1,"Asia"
"Kuwait",2018,4.19000292,47.22499084,3.40350008,1.5829,8.1,94.905159,1,1,"Asia"
"Lebanon",2001,10.56954956,54.84231186,2.841480017,2.8827,20.3,91.272994995,1,55.75332056,"Asia"
"Lebanon",2006,8.65032196,44.68946075,2.779759884,2.4707,20.3,91.272994995,1,55.75332056,"Asia"
"Lebanon",2007,8.54391384,44.07956696,2.583570004,2.3464,12.2,85.96778107,0.087306101,45.52254034,"Asia"
"Lebanon",2009,4.19000292,47.22499084,3.40350008,1.5829,10.8,88.08705902,0.095062051,45.88974592,"Asia"
"Lebanon",2010,7.4433217,43.58500671,1.613309979,2.3385,20.3,91.272994995,1,55.75332056,"Asia"
"Lebanon",2011,8.1471138,40.18660736,1.652519941,2.6201,20.3,91.272994995,1,55.75332056,"Asia"
"Lebanon",2013,7.57978058,32.86431885,2.432450056,2.2486,20.3,91.272994995,1,55.75332056,"Asia"
"Lebanon",2014,7.84629583,33.83569717,1,2.0735,20.3,91.272994995,1,55.75332056,"Asia"
"Lebanon",2015,7.67934227,33.17491913,2.099999905,2.103,20.3,91.272994995,1,55.75332056,"Asia"
"Lebanon",2016,7.98103571,32.86078644,2.123929977,2.0115,20.3,91.272994995,1,55.75332056,"Asia"
"Lebanon",2017,8.44765568,32.22737122,2.132940054,2.0255,20.3,91.272994995,1,55.75332056,"Asia"
"Lebanon",2018,8.35297012,33.21875,2.524470091,2.1038,7.4,93.30500793,0.129963823,47.54217105,"Asia"
"Malaysia",2000,2.52807355,41.01725388,5.971610069,0.6961,10.2,85.35421753,1.605168748,92.57730056,"Asia"
"Malaysia",2002,2.68479466,35.03468704,7.657929897,0.7031,20.3,91.272994995,1,55.75332056,"Asia"
"Malaysia",2008,3.02357388,35.89097977,3.958519936,0.9216,20.3,91.272994995,1,55.75332056,"Asia"
"Malaysia",2010,3.18466234,34.52879333,4.966450214,1.1691,8.1,90.74768066,0.54671473,93.31696346,"Asia"
"Malaysia",2011,3.33996487,34.51544189,5.76293993,1.2777,20.3,91.272994995,1,55.75332056,"Asia"
"Malaysia",2012,3.48790693,33.61474991,5.739029884,1.332,20.3,91.272994995,1,55.75332056,"Asia"
"Malaysia",2015,3.81608534,33.34957123,4.894869804,1.5358,20.3,91.272994995,1,55.75332056,"Asia"
"Malaysia",2016,4.19000292,47.22499084,3.40350008,1.5829,8.2,93.36942291,0.283015011,93.62527158,"Asia"
"Maldives",2004,7.48356962,59.50085068,4.661600113,0.9701,20.3,91.272994995,1,55.75332056,"Asia"
"Maldives",2007,8.30568123,47.22499084,4.417880058,1.6468,20.3,91.272994995,1,55.75332056,"Asia"
"Maldives",2009,10.0928812,34.3166008,5.081689835,1.4884,20.3,91.272994995,1,55.75332056,"Asia"
"Maldives",2010,8.48759079,40.07978439,3.633280039,1.4356,20.3,91.272994995,1,55.75332056,"Asia"
"Maldives",2014,7.90784121,28.1368351,3.088589907,1.7701,20.3,91.272994995,1,55.75332056,"Asia"
"Maldives",2015,8.6903019,19.53098488,3.887490034,2.8863,20.3,91.272994995,1,55.75332056,"Asia"
"Maldives",2016,10.19969177,18.97980499,3.68701005,1.0379,20.3,91.272994995,1,55.75332056,"Asia"
"Maldives",2017,9.02997589,20.64699745,3.887470007,3.7228,20.3,91.272994995,1,55.75332056,"Asia"
"Maldives",2018,9.41152477,20.62516403,3.912489891,4.5627,20.3,91.272994995,1,55.75332056,"Asia"
"Mongolia",2000,4.19000292,47.22499084,3.40350008,1.5829,65.5,97.52880096,17.77136779,20.60161785,"Asia"
"Mongolia",2002,4.43462038,22.22118568,7.210780144,2.7553,20.3,91.272994995,1,55.75332056,"Asia"
"Mongolia",2009,4.45980072,22.75947571,5.144849777,2.6704,20.3,91.272994995,1,55.75332056,"Asia"
"Mongolia",2010,3.73945689,28.05504799,4.645100117,2.7564,30.2,98.33663177,11.23387774,26.62763413,"Asia"
"Mongolia",2011,3.58612084,32.00389862,4.60902977,2.8671,20.3,91.272994995,1,55.75332056,"Asia"
"Mongolia",2012,3.85493326,31.53440094,5.19520998,3.0435,20.3,91.272994995,1,55.75332056,"Asia"
"Mongolia",2013,4.06732321,37.30021286,4.940770149,3.0922,20.3,91.272994995,1,55.75332056,"Asia"
"Mongolia",2014,4.19000292,34.84043503,4.714849949,3.1632,20.3,91.272994995,1,55.75332056,"Asia"
"Mongolia",2015,4.23834133,35.91595459,4.176990032,3.2194,20.3,91.272994995,1,55.75332056,"Asia"
"Mongolia",2016,4.42355728,31.95731354,5.18061018,2.8592,20.3,91.272994995,1,55.75332056,"Asia"
"Mongolia",2018,4.19000292,47.22499084,3.40350008,1.5829,16.5,98.64888763,8.97086681,29.33149621,"Asia"
"Myanmar",2000,4.19000292,47.22499084,3.40350008,1.5829,1,86.41517639,10.11187196,27.11400694,"Asia"
"Myanmar",2010,1.87254584,80.74465942,0.899999976,0.5224,20.3,91.272994995,1,55.75332056,"Asia"
"Myanmar",2011,1.91946495,77.27888489,0.787440002,0.5506,20.3,91.272994995,1,55.75332056,"Asia"
"Myanmar",2012,2.43835998,76.7002182,1.600000024,0.5802,20.3,91.272994995,1,55.75332056,"Asia"
"Myanmar",2016,5.11008072,76.67272949,1.899999976,0.6195,49.9,71.84699249,7.622113349,52.8181847,"Asia"
"Myanmar",2017,5.09039927,75.68733215,2.087680101,0.8638,20.3,91.272994995,1,55.75332056,"Asia"
"Myanmar",2018,4.79125547,76.44635773,1.922889948,0.677,20.3,91.272994995,1,55.75332056,"Asia"
"Nepal",2001,4.34851074,51.26501846,3.708379984,0.052,76.5,34.88676071,65.9577588,27.10581516,"Asia"
"Nepal",2004,4.61542797,51.60284805,3.171940088,0.2118,20.3,91.272994995,1,55.75332056,"Asia"
"Nepal",2011,4.19000292,47.22499084,3.40350008,1.5829,44.2,48.83758926,35.70224986,29.51620372,"Asia"
"Nepal",2012,5.1700902,56.07543182,3.29008007,0.5159,20.3,91.272994995,1,55.75332056,"Asia"
"Nepal",2013,5.32473755,63.53343582,3.018110037,0.564,20.3,91.272994995,1,55.75332056,"Asia"
"Nepal",2014,5.76784754,60.04753876,3.47213006,0.5951,20.3,91.272994995,1,55.75332056,"Asia"
"Nepal",2017,5.48825455,57.78610611,4.76722002,0.9101,20.3,91.272994995,1,55.75332056,"Asia"
"Nepal",2018,5.84083414,50.79715729,4.43445015,0.7486,31.9,59.72443008,15.41523327,20.75864185,"Asia"
"Oman",2000,3.06354713,11.74951744,3.200239897,1.4365,20.3,91.272994995,1,55.75332056,"Asia"
"Oman",2002,3.18044019,10.14918995,4.325069904,1.257,20.3,91.272994995,1,55.75332056,"Asia"
"Oman",2003,4.19000292,47.22499084,3.40350008,1.5829,13.8,73.53170776,3.820892856,83.88459617,"Asia"
"Oman",2004,2.97564673,11.15068245,4.02835989,1.5829,20.3,91.272994995,1,55.75332056,"Asia"
"Oman",2005,2.5871408,10.54691792,3.517210007,1.6653,20.3,91.272994995,1,55.75332056,"Asia"
"Oman",2006,2.31092191,11.47766304,3.859339952,1.7743,20.3,91.272994995,1,55.75332056,"Asia"
"Oman",2009,2.8300879,11.49723816,4.187739849,1.9341,20.3,91.272994995,1,55.75332056,"Asia"
"Oman",2008,4.19000292,47.22499084,3.40350008,1.5829,1,80.87226105,2.3066749,85.40998427,"Asia"
"Oman",2010,4.19000292,47.22499084,3.40350008,1.5829,11.7,81.80323029,1.444191124,86.11466113,"Asia"
"Oman",2013,2.79134297,7.14166403,4.98458004,2.0381,20.3,91.272994995,1,55.75332056,"Asia"
"Oman",2014,4.19000292,47.22499084,3.40350008,1.5829,11.2,88.92669678,1,88.09871744,"Asia"
"Oman",2015,4.19000292,47.22499084,3.40350008,1.5829,11.2,86.03720856,1,88.57535727,"Asia"
"Oman",2016,4.19000292,47.22499084,3.40350008,1.5829,11.3,90.94416046,1,89.03638565,"Asia"
"Oman",2017,3.97352886,7.12504244,5.840189934,1.9572,11.3,92.2256012,1,89.47486537,"Asia"
"Oman",2018,4.13171434,5.98915243,5.207230091,2.0031,11.4,92.69399261,1,89.89309835,"Asia"
"Pakistan",2000,2.88552141,61.5338974,1.837820053,0.6451,20.3,91.272994995,1,55.75332056,"Asia"
"Pakistan",2004,2.34722686,65.99907684,1.767590046,0.7423,20.3,91.272994995,1,55.75332056,"Asia"
"Pakistan",2005,2.70793581,71.02490234,2.049720049,0.7882,96.1,35.36751938,30.37402719,37.71324258,"Asia"
"Pakistan",2006,4.19000292,47.22499084,3.40350008,1.5829,94.4,39.61323166,28.78047367,37.57558911,"Asia"
"Pakistan",2007,3.13823009,72.43493652,2.635270119,0.7619,92.7,38.45775986,27.19422341,37.43503167,"Asia"
"Pakistan",2008,2.92312145,73.10253906,2.746229887,0.7806,90.9,40.08118057,25.61568447,37.29140151,"Asia"
"Pakistan",2009,2.61331248,72.33998871,2.59078002,0.7951,89.1,40.31462097,24.04485241,37.14470037,"Asia"
"Pakistan",2010,2.5967586,70.39242554,2.286870003,0.8076,87.1,41.01552963,22.48142121,36.9950616,"Asia"
"Pakistan",2011,2.34442639,67.14212036,2.221750021,0.8311,1,41.97539139,20.92544848,36.8424667,"Asia"
"Pakistan",2012,2.35939932,64.19360352,2.13628006,0.859,82.9,43.07189178,19.37698998,36.68689376,"Asia"
"Pakistan",2013,2.60280204,65.16564941,2.493439913,0.8771,80.6,41.97494125,17.8366043,36.52810071,"Asia"
"Pakistan",2014,2.72200847,66.52488708,2.465929985,0.8972,78.3,44.28342056,16.30377201,36.36631784,"Asia"
"Pakistan",2015,2.68711925,66.17926025,2.650019884,0.9262,20.3,91.272994995,1,55.75332056,"Asia"
"Pakistan",2016,2.85510206,63.12653351,3.002919912,0.962,20.3,91.272994995,1,55.75332056,"Asia"
"Pakistan",2017,2.90229368,60.23687744,2.89951992,1.0005,71.6,46.46767044,11.75133632,35.86274126,"Asia"
"Pakistan",2018,4.19000292,47.22499084,3.40350008,1.5829,69.4,45.39839935,10.24708919,35.68978668,"Asia"
"Philippines",2000,3.15481424,41.19496918,3.164400101,1.2185,37.7,92.65490723,11.02853988,36.27381467,"Asia"
"Philippines",2001,2.94705772,44.61747742,2.92463994,1.2201,20.3,91.272994995,1,55.75332056,"Asia"
"Philippines",2002,2.7333045,47.76663971,2.89222002,1.1107,20.3,91.272994995,1,55.75332056,"Asia"
"Philippines",2003,3.19143724,47.70053482,2.935179949,1.2256,35.6,93.56452942,10.29606032,40.53432903,"Asia"
"Philippines",2004,3.16792512,47.77957916,2.469830036,1.108,20.3,91.272994995,1,55.75332056,"Asia"
"Philippines",2005,3.90041852,52.10651016,2.328069925,1.2289,20.3,91.272994995,1,55.75332056,"Asia"
"Philippines",2006,3.94585061,54.03546143,2.425790071,1.2361,20.3,91.272994995,1,55.75332056,"Asia"
"Philippines",2007,3.91954136,55.9674263,2.485179901,1.2441,20.3,91.272994995,1,55.75332056,"Asia"
"Philippines",2008,4.02792263,57.44992065,2.582829952,1.2558,32.6,95.82563019,8.431003104,44.95739658,"Asia"
"Philippines",2009,4.35353184,55.57598877,2.537770033,1.2632,20.3,91.272994995,1,55.75332056,"Asia"
"Philippines",2010,4.31276274,54.84585571,2.309999943,1.2717,20.3,91.272994995,1,55.75332056,"Asia"
"Philippines",2013,4.19000292,47.22499084,3.40350008,1.5829,30.6,96.78736115,6.49654752,45.90608984,"Asia"
"Philippines",2015,4.19000292,47.22499084,3.40350008,1.5829,29.8,98.24175262,5.716699768,46.34027725,"Asia"
"Philippines",2017,4.4460597,53.04578018,4.400000095,0.6004,20.3,91.272994995,1,55.75332056,"Asia"
"Qatar",2001,2.31433153,27.41547585,3.200190067,2.217,20.3,91.272994995,1,55.75332056,"Asia"
"Qatar",2004,4.19000292,47.22499084,3.40350008,1.5829,10.8,86.71118164,1,96.6,"Asia"
"Qatar",2005,2.56908822,18.61186028,3.971879959,2.4844,20.3,91.272994995,1,55.75332056,"Asia"
"Qatar",2007,4.19000292,47.22499084,3.40350008,1.5829,9.8,90.43611908,1,96.6,"Asia"
"Qatar",2008,1.60012186,18.78091812,4.22755003,3.2087,9.6,89.13771057,1,96.6,"Asia"
"Qatar",2009,2.14952278,19.3805542,3.413150072,3.0975,9.3,90.15306854,1,96.6,"Asia"
"Qatar",2010,1.78923905,18.72622299,4.539659977,3.7273,9.1,91.89582062,1,96.6,"Asia"
"Qatar",2011,4.19000292,47.22499084,3.40350008,1.5829,8.9,90.24652863,1,96.54039807,"Asia"
"Qatar",2012,4.19000292,47.22499084,3.40350008,1.5829,8.7,90.8117218,1,96.48079613,"Asia"
"Qatar",2013,4.19000292,47.22499084,3.40350008,1.5829,8.4,91.72962952,1,96.4211942,"Asia"
"Qatar",2014,2.43456411,6.11592197,3.605350018,1.7351,8.1,92.45240021,1,96.36159227,"Asia"
"Qatar",2016,4.19000292,47.22499084,3.40350008,1.5829,7.5,94.20703888,1,96.2423884,"Asia"
"Qatar",2017,2.72160077,8.52918816,2.967459917,8e-04,7.1,94.7115097,1,96.18278647,"Asia"
"Saudi Arabia",2000,4.2115941,18.46246338,5.90982008,0.7235,20.3,91.272994995,1,55.75332056,"Asia"
"Saudi Arabia",2001,4.46173573,18.03369141,7.718870163,0.6822,20.3,91.272994995,1,55.75332056,"Asia"
"Saudi Arabia",2004,3.58400607,18.15097046,6.277460098,1.37,20.3,91.272994995,1,55.75332056,"Asia"
"Saudi Arabia",2008,2.97100711,19.36904335,5.13781023,2.0626,20.3,91.272994995,1,55.75332056,"Asia"
"Singapore",2000,4.19000292,47.22499084,3.40350008,1.5829,3.9,88.64517975,1,1,"Asia"
"Singapore",2001,3.16302657,55.58973694,3.542490005,1.4095,20.3,91.272994995,1,55.75332056,"Asia"
"Singapore",2003,3.60699248,48.45797729,3.981940031,1.5451,20.3,91.272994995,1,55.75332056,"Asia"
"Singapore",2004,3.15019822,51.00744247,3.652760029,1.5542,20.3,91.272994995,1,55.75332056,"Asia"
"Singapore",2005,3.03367925,49.99448395,3.195960045,1.5819,20.3,91.272994995,1,55.75332056,"Asia"
"Singapore",2006,2.9347465,48.83466721,2.859119892,1.5744,20.3,91.272994995,1,55.75332056,"Asia"
"Singapore",2007,2.83749056,48.46814346,2.946749926,1.6127,20.3,91.272994995,1,55.75332056,"Asia"
"Singapore",2008,3.19488454,46.45778656,2.764600039,1.6418,20.3,91.272994995,1,55.75332056,"Asia"
"Singapore",2009,3.39853096,43.28753662,3.010129929,1.6758,20.3,91.272994995,1,55.75332056,"Asia"
"Singapore",2010,3.20265365,41.45875549,3.080440044,1.7187,2.8,93.77481079,1,1,"Asia"
"Singapore",2011,3.15792179,39.51037216,3.030770063,1.7232,2.8,94.06833649,1,1,"Asia"
"Singapore",2012,3.32783675,37.65390396,3.070859909,1.7964,2.8,94.35958862,1,1,"Asia"
"Singapore",2013,3.68562651,36.16598511,2.85435009,1.8958,2.8,94.64186859,1,1,"Asia"
"Singapore",2014,3.87155676,33.29804611,2.92437005,2.0125,2.7,94.91132355,1,1,"Asia"
"Singapore",2015,4.19000292,47.22499084,3.40350008,1.5829,2.7,95.19065094,1,1,"Asia"
"Singapore",2016,4.40151834,32.66244888,2.874830008,2.2936,2.7,95.44789124,1,1,"Asia"
"Singapore",2017,4.19000292,47.22499084,3.40350008,1.5829,2.7,95.68946838,1,1,"Asia"
"Singapore",2018,4.19000292,47.22499084,3.40350008,1.5829,2.6,95.91941071,1,1,"Asia"
"Sri Lanka",2009,4.1933918,53.28553391,2.055900097,0.6826,20.3,91.272994995,1,55.75332056,"Asia"
"Sri Lanka",2010,3.86745548,53.29795074,1.717740059,0.7239,20.3,91.272994995,1,55.75332056,"Asia"
"Sri Lanka",2011,3.71693707,51.22101974,1.808609962,0.7391,20.3,91.272994995,1,55.75332056,"Asia"
"Sri Lanka",2012,3.40384579,51.93098831,1.496170044,0.7645,20.3,91.272994995,1,55.75332056,"Asia"
"Sri Lanka",2013,3.82699037,48.93375778,1.621070027,0.7983,20.3,91.272994995,1,55.75332056,"Asia"
"Sri Lanka",2014,3.60648036,48.68254471,1.932880044,0.8364,20.3,91.272994995,1,55.75332056,"Asia"
"Sri Lanka",2015,3.88992047,48.93215179,2.22874999,0.8624,20.3,91.272994995,1,55.75332056,"Asia"
"Sri Lanka",2016,3.86424923,50.1216011,3.449199915,0.8925,20.3,91.272994995,1,55.75332056,"Asia"
"Sri Lanka",2017,3.80975389,50.08361435,2.799249887,0.9277,20.3,91.272994995,1,55.75332056,"Asia"
"Sri Lanka",2018,3.75841475,50.65418625,2.135390043,1.0041,20.3,91.272994995,1,55.75332056,"Asia"
"Tajikistan",2000,4.26492453,79.15171814,2.328710079,2.1717,83.6,99.22122955,1.252001164,35.99046099,"Asia"
"Tajikistan",2001,4.57802582,76.52173615,2.376590014,2.1241,20.3,91.272994995,1,55.75332056,"Asia"
"Tajikistan",2002,4.43647242,78.16711426,2.775789976,2.041,20.3,91.272994995,1,55.75332056,"Asia"
"Tajikistan",2003,4.70218658,73.30263519,2.420789957,1.9396,20.3,91.272994995,1,55.75332056,"Asia"
"Tajikistan",2004,4.79911184,71.73569489,2.772030115,1.9512,20.3,91.272994995,1,55.75332056,"Asia"
"Tajikistan",2005,5.21024704,66.09986115,3.512130022,1.9548,20.3,91.272994995,1,55.75332056,"Asia"
"Tajikistan",2006,5.03254795,68.79291534,3.40350008,1.9166,20.3,91.272994995,1,55.75332056,"Asia"
"Tajikistan",2007,5.54050112,70.61388397,3.413269997,1.8962,20.3,91.272994995,1,55.75332056,"Asia"
"Tajikistan",2008,5.91206694,68.58421326,3.459830046,1.9292,20.3,91.272994995,1,55.75332056,"Asia"
"Tajikistan",2009,5.85579777,69.63989258,4.098309994,1.6439,20.3,91.272994995,1,55.75332056,"Asia"
"Tajikistan",2010,5.73543406,70.43351746,4.006750107,1.6975,20.3,91.272994995,1,55.75332056,"Asia"
"Tajikistan",2011,5.85971832,62.54403687,3.935110092,1.7209,20.3,91.272994995,1,55.75332056,"Asia"
"Tajikistan",2012,5.98185873,63.9360199,4.018030167,2.877,20.3,91.272994995,1,55.75332056,"Asia"
"Tajikistan",2014,4.19000292,47.22499084,3.40350008,1.5829,38.7,99.69999695,0.521109531,51.04946383,"Asia"
"Thailand",2000,3.10125184,34.18558884,5.25345993,0.368,20.3,91.272994995,1,55.75332056,"Asia"
"Thailand",2001,3.02623034,33.9886055,4.81787014,0.2982,20.3,91.272994995,1,55.75332056,"Asia"
"Thailand",2002,3.33472419,27.89708328,3.864919901,0.2964,20.3,91.272994995,1,55.75332056,"Asia"
"Thailand",2003,3.24312663,27.1678009,3.725610018,0.277,20.3,91.272994995,1,55.75332056,"Asia"
"Thailand",2004,3.13893557,26.40885162,4.030889988,0.2911,20.3,91.272994995,1,55.75332056,"Asia"
"Thailand",2005,3.15972185,27.58306313,3.93859005,0.293,20.3,91.272994995,1,55.75332056,"Asia"
"Thailand",2006,3.09970689,17.65686035,4.05038023,0.2875,20.3,91.272994995,1,55.75332056,"Asia"
"Thailand",2007,3.19277501,14.81379414,3.603149891,0.2959,20.3,91.272994995,1,55.75332056,"Asia"
"Thailand",2008,3.45933962,14.70176125,3.508500099,0.3164,20.3,91.272994995,1,55.75332056,"Asia"
"Thailand",2009,3.6193974,15.90248966,3.861939907,0.3387,20.3,91.272994995,1,55.75332056,"Asia"
"Thailand",2010,3.39009976,14.49738026,3.508440018,0.3906,20.3,91.272994995,1,55.75332056,"Asia"
"Thailand",2015,3.66789317,12.50940418,3.759670019,0.4651,20.3,91.272994995,1,55.75332056,"Asia"
"Thailand",2016,3.76332021,11.34563923,3.637520075,0.445,20.3,91.272994995,1,55.75332056,"Asia"
"Thailand",2017,3.83202839,10.89800835,3.355730057,0.8075,20.3,91.272994995,1,55.75332056,"Asia"
"Thailand",2018,3.79303908,11.01141357,3.056770086,0.805,20.3,91.272994995,1,55.75332056,"Asia"
"Timor-Leste",2008,1.02795136,11.52039433,8.670570374,0.037,20.3,91.272994995,1,55.75332056,"Asia"
"Timor-Leste",2009,1.66058576,8.84477043,12.90347958,0.044,20.3,91.272994995,1,55.75332056,"Asia"
"Timor-Leste",2010,1.4271214,11.56462669,11.10762024,0.079,20.3,91.272994995,1,55.75332056,"Asia"
"Timor-Leste",2011,1.26124156,9.9248476,10.07569981,0.078,20.3,91.272994995,1,55.75332056,"Asia"
"Timor-Leste",2013,2.11266398,6.96823168,5.667150021,0.6174,20.3,91.272994995,1,55.75332056,"Asia"
"Timor-Leste",2014,2.72246408,7.90607262,7.515470028,0.6821,20.3,91.272994995,1,55.75332056,"Asia"
"Timor-Leste",2015,3.95390606,7.35929537,8.445150375,0.6946,20.3,91.272994995,1,55.75332056,"Asia"
"Timor-Leste",2017,4.33655405,8.34491539,7.106100082,0.7504,20.3,91.272994995,1,55.75332056,"Asia"
"Timor-Leste",2018,4.32635784,7.0929842,6.830910206,0.7224,20.3,91.272994995,1,55.75332056,"Asia"
"Turkey",2000,4.59957218,28.60040665,2.516880035,1.3479,20.3,91.272994995,1,55.75332056,"Asia"
"Turkey",2001,4.88784933,23.43206978,2.634619951,1.399,20.3,91.272994995,1,55.75332056,"Asia"
"Turkey",2002,5.06227875,20.32076836,2.728060007,1.4114,20.3,91.272994995,1,55.75332056,"Asia"
"Turkey",2003,5.01427698,18.93056297,2.851310015,1.4294,20.3,91.272994995,1,55.75332056,"Asia"
"Turkey",2004,4.90964413,20.18101883,2.989989996,1.4492,20.3,91.272994995,1,55.75332056,"Asia"
"Turkey",2006,5.14591694,23.6489296,2.728060007,1.5195,20.3,91.272994995,1,55.75332056,"Asia"
"Turkmenistan",2012,4.77595139,68.28610992,3.049249887,2.2375,20.3,91.272994995,1,55.75332056,"Asia"
"Turkmenistan",2014,4.19000292,47.22499084,3.40350008,1.5829,41.7,99.59999847,0.095544792,88.94335086,"Asia"
"Uzbekistan",2000,4.19000292,47.22499084,3.40350008,1.5829,1,98.13858032,0.053873999,56.3409902,"Asia"
"Uzbekistan",2011,5.28212595,54.36104965,6.195859909,2.5036,20.3,91.272994995,1,55.75332056,"Asia"
"Uzbekistan",2012,5.58976364,52.70285034,6.395229816,2.4451,20.3,91.272994995,1,55.75332056,"Asia"
"Uzbekistan",2013,5.66173792,52.92061615,6.090010166,2.4044,26.6,99.9958725,1,58.77502285,"Asia"
"Uzbekistan",2014,4.67292738,45.40990448,6.025269985,2.3742,24.6,99.9759903,1,58.83590983,"Asia"
"Uzbekistan",2015,4.19000292,47.22499084,3.40350008,1.5829,22.8,99.97576904,1,58.85883492,"Asia"
"Uzbekistan",2016,4.19000292,47.22499084,3.40350008,1.5829,21.1,99.97840881,1,58.88146605,"Asia"
"Uzbekistan",2018,4.19000292,47.22499084,3.40350008,1.5829,18.4,99.98587036,1,58.86418257,"Asia"
"Vietnam",2008,5.14778042,37.18603134,4.886740208,0.6648,20.3,91.272994995,1,55.75332056,"Asia"
"Vietnam",2009,5.29355097,37.26034927,4.816500187,0.6982,20.3,91.272994995,1,55.75332056,"Asia"
"Vietnam",2010,5.96677208,37.42028046,5.137219906,0.71,20.3,91.272994995,1,55.75332056,"Asia"
"Vietnam",2011,5.87397575,37.40775299,4.813720226,1.152,20.3,91.272994995,1,55.75332056,"Asia"
"Vietnam",2012,6.27840996,40.77892303,5.533289909,0.8209,20.3,91.272994995,1,55.75332056,"Asia"
"Vietnam",2013,6.33500576,41.26946259,5.65199995,1.18,20.3,91.272994995,1,55.75332056,"Asia"
"Vietnam",2015,5.65262079,43.47938538,4.465760231,0.7963,20.3,91.272994995,1,55.75332056,"Asia"
